File date stamp,date,Source,mjd,Frequency,log_freq,Flux density,BW,Tcal LCP from file,Tcal RCP from file,focus,Tambient,Humidity,PWV,HA scan2,zenith angle,atmos tau 10GHz SKA,atmos tau 15GHz Meeks,mean atmos correction,Tsys LCP,dTsys LCP,Tsys RCP,dTsys RCP,Ta N lcp,Ta S lcp,Ta On lcp,Pointing,Ta On lcp cor,PSS lcp,Ap Eff lcp,Ta N rcp,Ta S rcp,Ta On rcp,Pointing,Ta On rcp cor,PSS rcp,Ap Eff rcp,Ap Eff av,Total PSS ,(stdev of 2)*2
2012d295_04h40m35s,,HYDRA A,56221,12218.593,4.087,5.714,400,62,68.5,4.5996,289.45,81.07,22.65,-12.34,18,0.012,0.023,1.019,78.08,0.075,79.91,0.072,bd,bd,0.356,bd,bd,bd,bd,bd,0.217,0.404,bd,bd,bd,bd,bd,bd,
2012d297_04h34m13s,,HYDRA A,56223,12218.593,4.087,5.714,400,62,68.5,4.6289,287.60,58.51,14.59,-11.96,17.77,0.010,0.019,1.016,78.05,0.078,79.42,0.086,0.397,0.167,0.512,1.070,0.556,,,0.414,0.186,0.492,1.060,0.529,5.398,0.485,0.485,5.398,
2012d300_04h21m03s,,HYDRA A,56226,12218.593,4.087,5.714,400,62,68.5,4.6191,285.10,82.09,17.51,-12.3,17.97,0.011,0.021,1.017,,,,,0.327,0.254,0.451,1.006,0.462,,,0.295,0.276,0.470,1.000,0.478,,,,,
2012d301_04h17m06s,,HYDRA A,56227,12218.593,4.087,5.714,400,62,68.5,4.6289,286.95,81.72,19.57,-12.32,17.98,0.011,0.022,1.017,79.00,0.095,80.96,0.09,0.313,0.218,0.477,1.012,0.491,5.817,0.450,0.359,0.202,0.512,1.030,0.537,5.323,0.492,0.471,5.570,0.349
2012d302_04h13m17s,,HYDRA A,56228,12218.593,4.087,5.714,400,62,68.5,4.6289,284.46,83.11,17.01,-12.28,17.96,0.011,0.020,1.017,79.97,0.095,81.96,0.088,0.306,0.247,0.490,1.004,0.500,5.713,0.458,0.294,0.262,0.478,1.001,0.486,5.873,0.446,0.452,5.793,0.113
2012d304_04h05m23s,,HYDRA A,56230,12218.593,4.087,5.714,400,62,68.5,4.6289,288.99,79.59,21.62,-12.29,17.97,0.012,0.023,1.018,,,80.26,0.099,0.335,0.235,0.490,1.011,0.504,5.668,0.462,0.303,0.199,0.454,1.016,0.470,6.078,0.431,0.447,5.873,0.290
2012d308_03h58m44s,,HYDRA A,56234,12218.593,4.087,5.714,400,62,68.5,4.6191,283.53,77.19,14.9,-10.02,16.67,0.010,0.020,1.016,76.14,0.091,79.42,0.32,0.345,0.237,0.504,1.013,0.518,5.512,0.475,0.338,0.242,0.481,1.010,0.494,5.785,0.453,0.464,5.648,0.193
2012d309_03h52m10s,,HYDRA A,56235,12218.593,4.087,5.714,400,62,68.5,4.6289,283.90,75.99,15.01,-10.68,17.03,0.010,0.020,1.016,75.79,0.112,77.4,0.083,0.322,0.243,0.501,1.007,0.512,5.580,0.469,0.359,0.220,0.475,1.022,0.493,5.789,0.452,0.461,5.685,0.148
2012d311_03h39m41s,,HYDRA A,56237,12218.593,4.087,5.714,400,62,68.5,4.6094,287.32,65.91,16.15,-11.84,17.7,0.010,0.020,1.016,75.24,0.081,76.7,0.076,0.344,0.204,0.478,1.025,0.498,5.740,0.456,0.355,0.199,0.476,1.031,0.499,5.731,0.457,0.457,5.735,0.006
2012d312_03h37m37s,,HYDRA A,56238,12218.593,4.087,5.714,400,62,68.5,4.6191,286.31,49.72,11.44,-11.37,17.42,0.010,0.018,1.014,74.95,0.084,76.28,0.069,0.333,0.198,0.464,1.025,0.482,5.925,0.442,0.356,0.221,0.501,1.021,0.519,5.509,0.475,0.459,5.717,0.295
2012d313_03h33m29s,,HYDRA A,56239,12218.593,4.087,5.714,400,62,68.5,4.6289,285.94,82.37,18.51,-11.42,17.45,0.011,0.021,1.017,76.90,0.091,78.64,0.103,0.308,0.230,0.469,1.008,0.481,5.944,0.441,0.331,0.266,0.504,1.004,0.515,5.545,0.472,0.457,5.745,0.283
2012d315_03h33m32s,,HYDRA A,56241,12218.593,4.087,5.714,400,62,68.5,4.6191,286.49,82.64,19.23,-9.44,16.37,0.011,0.021,1.017,77.95,0.077,79.76,0.075,0.270,0.246,0.484,1.001,0.493,5.800,0.452,0.272,0.292,0.512,1.000,0.521,5.484,0.478,0.465,5.642,0.224
2012d318_03h14m06s,,HYDRA A,56244,12218.593,4.087,5.714,400,62,68.5,4.6289,286.77,80.98,19.17,-11.36,17.41,0.011,0.021,1.017,77.04,0.094,78.84,0.105,0.317,0.260,0.461,1.004,0.470,6.075,0.431,0.328,0.226,0.467,1.012,0.481,5.943,0.441,0.436,6.009,0.094
2012d322_02h59m51s,,HYDRA A,56248,12218.593,4.087,5.714,400,62,68.5,4.6094,286.40,81.63,18.88,-10.98,17.20,0.011,0.021,1.017,78.09,0.104,79.8,0.094,0.318,0.228,0.477,1.010,0.490,5.835,0.449,0.303,0.238,0.494,1.005,0.505,5.660,0.463,0.456,5.748,0.124
2012d323_02h55m15s,,HYDRA A,56249,12218.593,4.087,5.714,400,62,68.5,4.6191,288.25,79.31,20.58,-11.15,17.30,0.011,0.022,1.018,76.4,0.095,78.08,0.073,0.287,0.267,0.457,1.000,0.465,,,0.312,0.275,0.432,1.001,0.440,,,,,
2012d324_02h56m12s,,HYDRA A,56250,12218.593,4.087,5.714,400,62,68.5,4.6191,286.12,81.44,18.51,-9.93,16.62,0.011,0.021,1.017,77.68,0.085,79.63,0.081,0.331,0.238,0.452,1.010,0.464,6.153,0.426,0.333,0.254,0.483,1.007,0.494,5.778,0.453,0.440,5.965,0.265
2012d326_02h43m03s,,HYDRA A,56252,12218.59,4.087,5.714,400,62,68.5,4.6289,289.45,75.52,21.1,-11.25,17.35,0.012,0.022,1.018,75.68,0.082,77.22,0.084,0.324,0.248,0.490,1.006,0.502,5.694,0.460,0.335,0.271,0.490,1.004,0.501,5.701,0.459,0.460,5.697,0.005
2012d327_02h38m54s,,HYDRA A,56253,12218.59,4.087,5.714,400,62,68.5,4.6289,289.36,79.04,21.96,-11.3,17.38,0.012,0.023,1.018,77.42,0.08,79.09,0.091,0.331,bd,0.431,1.069,0.469,6.093,0.430,0.356,bd,0.445,1.069,0.485,5.896,0.444,0.437,5.995,0.140
2012d328_02h38m58s,,HYDRA A,56254,12218.59,4.087,5.714,400,62,68.5,4.6289,288.62,81.90,21.74,-10.31,16.82,0.012,0.023,1.018,77.74,0.109,79.6,0.096,bd,0.233,0.483,1.000,0.491,5.813,0.451,bd,0.290,0.497,1.009,0.511,5.594,0.468,0.459,5.703,0.155
2012d329_02h32m01s,,HYDRA A,56255,12218.59,4.087,5.714,400,62,68.5,4.6289,287.970519,82.736297,21.1,-11,17.24,,,1.000,,,,,,,,,,,,,,,,,,,,,
2012d330_02h23m28s,,HYDRA A,56256,12218.59,4.087,5.714,400,62,68.5,4.6387,286.95,83.20,19.92,-12.24,17.93,0.011,0.022,1.018,79.54,0.089,81.23,0.081,0.314,0.261,0.467,1.003,0.476,5.998,0.437,0.367,0.253,0.499,1.013,0.514,5.558,0.471,0.454,5.778,0.311
2012d331_02h26m41s,,HYDRA A,56257,12218.59,4.087,5.714,400,62,68.5,4.6094,282.70,73.40,13.43,-10.45,16.9,0.010,0.019,1.015,78.00,0.246,76.66,0.109,0.540,bd,0.452,1.003,0.460,6.205,0.422,0.321,0.269,0.529,1.003,0.538,5.306,0.494,0.458,5.755,0.636
2012d335_02h11m11s,,HYDRA A,56261,12218.59,4.087,5.714,400,62,68.5,4.6094,288.53,68.03,17.96,-10.37,16.86,0.011,0.021,1.017,75.85,0.059,77.51,0.068,0.298,0.271,0.472,1.019,0.489,5.839,0.449,0.307,0.259,0.536,1.003,0.546,5.230,0.501,0.475,5.535,0.430
2012d337_02h02m28s,,HYDRA A,56263,12218.59,4.087,5.714,400,62,68.5,4.5996,287.97,81.81,20.87,-10.58,16.98,0.011,0.022,1.018,77.73,0.085,79.61,0.08,0.196,0.241,0.556,1.102,0.624,,,1.307,0.246,0.543,1.285,0.710,,,,,
2012d338_01h55m10s,,HYDRA A,56264,12218.59,4.087,5.714,400,62,68.5,4.087,286.40,83.01,19.2,-11.42,17.46,0.011,0.021,1.017,79.56,0.076,81.48,0.078,0.293,0.233,0.486,1.023,0.506,5.648,0.464,2.307,0.250,0.509,1.562,0.809,,,0.464,5.648,
2012d339_01h50m09s,,HYDRA A,56265,12218.59,4.087,5.714,400,62,68.5,4.087,285.47,82.92,18.1,-11.71,17.62,0.011,0.021,1.017,79.84,0.08,81.7,0.09,0.302,0.214,0.481,1.020,0.499,5.725,0.458,3.307,0.274,0.483,1.749,0.859,,,0.458,5.725,
2012d340_01h48m22s,,HYDRA A,56266,12218.59,4.087,5.714,400,62,68.5,4.5996,286.77,80.98,19.17,-11.1,17.3,0.011,0.021,1.017,77.7,0.092,79.34,0.081,0.293,0.209,0.504,1.010,0.518,5.516,0.475,4.307,0.218,0.500,1.014,0.516,5.540,0.473,0.474,5.528,0.017
2012d342_01h43m14s,,HYDRA A,56268,12218.59,4.087,5.714,400,62,68.5,4.5898,286.49,82.83,19.27,-10.4,16.92,0.011,0.022,1.017,79.84,0.06,81.83,0.065,0.283,0.228,0.518,1.004,0.529,,,0.332,0.230,0.572,1.012,0.589,,,,,
2012d343_01h36m41s,,HYDRA A,56269,12218.59,4.087,5.714,400,62,68.5,4.5996,287.79,81.81,20.63,-11.1,17.29,0.011,0.022,1.018,77.27,0.073,78.78,0.085,0.362,0.211,0.477,1.027,0.498,5.733,0.457,0.332,0.203,0.457,1.022,0.475,6.010,0.436,0.446,5.871,0.196
2012d344_01h37m29s,,HYDRA A,56270,12218.59,4.087,5.714,400,62,68.5,4.5996,287.42,80.33,19.8,-9.95,16.63,0.011,0.022,1.017,76.66,0.076,78.4,0.08,0.276,0.270,0.470,1.000,0.478,5.975,0.438,0.278,0.244,0.524,1.002,0.534,5.351,0.490,0.464,5.663,0.441
2012d349_01h14m06s,,HYDRA A,56275,12218.59,4.087,5.714,400,62,68.5,4.6094,287.51,81.16,20.12,-10.8,17.14,0.011,0.022,1.018,77.96,0.089,79.59,0.073,0.314,0.209,0.506,1.015,0.523,5.467,0.479,0.306,0.232,0.445,1.007,0.456,6.266,0.418,0.449,5.866,0.565
2012d350_01h14m10s,,HYDRA A,56276,12218.59,4.087,5.714,400,62,68.5,4.6191,287.79,81.81,20.63,-9.88,16.59,0.011,0.022,1.018,78.56,0.064,79.77,0.074,0.384,0.157,0.450,1.075,0.492,5.805,0.451,0.395,0.169,0.459,1.067,0.498,5.732,0.457,0.454,5.768,0.052
2012d351_01h05m25s,,HYDRA A,56277,12218.59,4.087,5.714,400,62,68.5,4.6094,287.32,82.55,20.23,-11,17.26,0.011,0.022,1.018,,,81.16,0.103,0.264,0.230,0.426,1.002,0.434,,,0.284,0.231,0.484,1.004,0.494,5.779,0.453,0.453,5.779,
2012d352_01h01m06s,,HYDRA A,56278,12218.59,4.087,5.714,400,62,68.5,4.5703,287.14,82.18,19.91,-11.1,17.31,0.011,0.022,1.017,77.6,0.072,78.97,0.065,0.318,0.264,0.465,1.003,0.475,6.020,0.435,0.296,0.240,0.490,1.004,0.501,5.708,0.459,0.447,5.864,0.221
2012d353_01h00m16s,,HYDRA A,56279,12218.59,4.087,5.714,400,62,68.5,4.5898,287.60,81.07,20.21,-10.4,16.88,0.011,0.022,1.018,79.14,0.188,79.51,0.105,0.344,0.259,0.483,1.007,0.495,5.771,0.454,0.344,0.283,0.534,1.003,0.545,5.240,0.500,0.477,5.506,0.376
2012d355_00h48m33s,,HYDRA A,56281,12218.59,4.087,5.714,400,62,68.5,4.6289,287.14,81.90,19.84,-11.3,17.42,0.011,0.022,1.017,76.87,0.095,78.24,0.08,0.286,0.224,0.482,1.005,0.493,5.794,0.452,0.299,0.245,0.509,1.004,0.520,5.497,0.477,0.464,5.646,0.210
2012d357_00h41m22s,,HYDRA A,56283,12218.59,4.087,5.714,400,62,68.5,4.6094,286.68,82.09,19.32,-11.2,17.32,0.011,0.022,1.017,78.5,0.082,79.96,0.089,0.335,0.161,0.453,1.050,0.484,5.907,0.443,0.362,0.164,0.525,1.058,0.565,5.056,0.518,0.481,5.481,0.602
2012d358_00h36m51s,,HYDRA A,56284,12218.59,4.087,5.714,400,62,68.5,4.6289,287.60,79.22,19.75,-11.3,17.41,0.011,0.022,1.017,77.11,0.058,78.44,0.062,0.363,0.179,0.469,1.046,0.499,5.723,0.458,0.367,0.183,0.501,1.045,0.532,5.365,0.488,0.473,5.544,0.253
2012d359_00h33m39s,,HYDRA A,56285,12218.59,4.087,5.714,400,62,68.5,4.6094,289.73,75.62,21.49,-11.1,17.3,0.012,0.022,1.018,76.8,0.08,78.27,0.05,0.379,0.125,0.439,1.117,0.499,5.721,0.458,0.393,0.144,0.389,1.095,0.434,,,0.458,5.721,
2012d360_00h29m06s,,HYDRA A,56286,12218.59,4.087,5.714,400,62,68.5,4.6289,288.99,78.11,21.21,-11.3,17.39,0.012,0.022,1.018,81.21,0.094,78,0.06,0.267,0.200,0.443,1.008,0.454,6.288,0.417,0.300,0.223,0.452,1.008,0.464,6.160,0.425,0.421,,0.090
2012d361_00h24m52s,,HYDRA A,56287,12218.59,4.087,5.714,400,62,68.5,4.5605,286.77,82.55,19.54,-11.3,17.43,0.011204,0.021626,1.017,,,,,0.194,,,,,,,,,,,,,,,,
2012d362_00h24m30s,,HYDRA A,56288,12218.59,4.087,5.714,400,62,68.5,4.6191,289.27,82.18,22.7,-10.5,16.93,0.011867,0.023053,1.018,78.67,0.097,80.13,0.088,,,,,,,,,,,,,,,,,
2012d363_00h16m56s,,HYDRA A,56289,12218.59,4.087,5.714,400,62,68.5,4.6094,289.64,81.72,23.09,-11.4,17.45,0.012,0.023,1.019,78.39,0.073,79.5,0.08,0.281,0.229,0.505,1.004,0.516,5.533,0.473,0.319,0.256,0.463,1.004,0.474,6.032,0.434,0.454,5.782,0.352
2012d364_00h13m38s,,HYDRA A,56290,12218.59,4.087,5.714,400,62,68.5,4.6289,292.41,81.35,27.19,-11.2,17.36,0.013,0.025,1.020,77.69,0.079,78.82,0.082,0.313,0.178,0.456,1.029,0.479,5.968,0.439,0.282,0.159,0.474,1.030,0.498,5.737,0.457,0.448,5.852,0.164
2012d365_00h08m17s,,HYDRA A,56291,12218.59,4.087,5.714,400,62,68.5,4.6191,291.67,81.72,26.12,-11.6,17.56,0.013,0.025,1.020,,,78.68,0.076,0.331,0.242,0.461,1.009,0.474,6.024,0.435,1.282,0.284,0.521,1.000,0.531,5.378,0.487,0.461,5.701,
2013d004_23h44m17s,,HYDRA A,56297,12218.59,4.087,5.714,400,62,68.5,4.6094,290.28,77.37,22.74,-11.7,17.62,0.012,0.023,1.018,75.97,0.053,77.06,0.077,0.310,0.231,0.471,1.008,0.483,5.909,0.443,2.282,0.250,0.503,1.003,0.514,5.558,0.471,0.457,5.734,0.248
2013d005_23h40m23s,,HYDRA A,56298,12218.59,4.087,5.714,400,62,68.5,4.6191,291.58,78.76,25.04,-11.7,17.62,0.012,0.024,1.019,,,78.66,0.07,0.408,0.198,0.463,1.048,0.494,5.779,0.453,3.282,0.204,0.428,1.064,0.464,6.161,0.425,0.439,5.970,
2013d006_23h39m15s,,HYDRA A,56299,12218.59,4.087,5.714,400,62,68.5,4.6191,289.54,82.00,23.04,-11,17.21,0.012,0.023,1.019,79.33,0.074,81.12,0.088,0.315,0.242,0.490,1.006,0.502,5.689,0.460,4.282,0.249,0.499,1.004,0.511,5.596,0.468,0.464,5.642,0.065
2013d007_23h43m37s,,HYDRA A,56300,12218.59,4.087,5.714,400,62,68.5,4.6191,291.48,74.88,23.67,-8.92,16.11,0.012,0.023,1.019,79.24,0.073,78.49,0.079,0.399,0.278,0.467,1.012,0.481,5.941,0.441,0.441,0.281,0.499,1.018,0.518,5.517,0.475,0.458,5.729,0.300
2013d010_23h19m26s,,HYDRA A,56303,12218.59,4.087,5.714,400,62,68.5,4.6094,292.13,77.56,25.49,-12,17.81,0.012,0.024,1.019,,,,,bad weather,,,,,,,,,,,,,,,,
2013d011_23h17m10s,,HYDRA A,56304,12218.59,4.087,5.714,400,62,68.5,4.6289,290.28,79.13,23.26,-11.6,17.56,0.012,0.023,1.019,78.43,0.094,,,0.371,0.214,0.570,1.028,0.597,4.787,0.547,0.402,0.276,0.585,1.013,0.604,,,0.274,4.787,#DIV/0!
2013d012_23h17m41s,,HYDRA A,56305,12218.59,4.087,5.714,400,62,68.5,4.6094,288.80,79.31,21.3,-10.5,16.93,0.012,0.022,1.018,78.39,0.101,77.64,0.086,0.296,0.291,0.509,1.000,0.518,5.515,0.475,0.361,0.274,0.524,1.000,0.534,5.353,0.489,0.482,5.434,0.115
2013d013_23h32m25s,,HYDRA A,56306,12218.59,4.087,5.714,400,62,68.5,4.6289,287.97,78.57,20.04,-5.84,14.8,0.011,0.022,1.017,76.02,0.068,77.37,0.076,0.299,0.315,0.576,1.000,0.586,4.873,0.538,0.306,0.342,0.580,1.001,0.591,4.836,0.542,0.540,4.854,0.026
2013d024_22h26m49s,,HYDRA A,56317,12218.59,4.087,5.714,400,62,68.5,4.6094,289.82,59.89,17.12,-11.4,17.45,0.011,0.020,1.016,76.21,0.097,76.62,0.049,0.300,0.369,0.567,1.004,0.579,4.938,0.530,0.321,0.303,0.574,1.000,0.583,4.898,0.535,0.533,4.918,0.029
2013d025_22h27m03s,,HYDRA A,56318,12218.59,4.087,5.714,400,62,68.5,4.6094,295.55,53.61,21.59,-10.3,16.86,0.012,0.022,1.018,77.96,0.305,78.06,0.216,bad weather,0.203,0.501,1.016,0.518,5.515,0.475,bad weather,0.221,0.549,1.017,0.568,5.026,0.521,0.498,5.270,0.346
2013d027_22h20m50s,,HYDRA A,56320,12218.59,4.087,5.714,400,62,68.5,4.6094,290.282457,78.852242,23.18,-9.97,16.64,0.011967,0.02326,1.019,,,,,bad weather,,,,,,,,,,,,,,,,
2013d030_22h09m30s,,HYDRA A,56323,12218.59,4.087,5.714,400,62,68.5,4.6094,290.282457,80.331882,23.61,-9.85,16.58,0.012059,0.023459,1.019,78.36,0.095,79.32,0.116,0.332,0.193,bad,,,,,0.318,0.352,bad,,,,,,,
2013d031_22h10m32s,,HYDRA A,56324,12218.59,4.087,5.714,400,62,68.5,4.6094,292.686872,77.280124,26.26,-8.61,15.95,0.012615,0.02464,1.020,78.44,0.148,79.19,0.148,0.346,bad,0.484,,,,,0.383,bad,0.504,,,,,,,
2013d032_21h55m25s,,HYDRA A,56325,12218.59,4.087,5.714,400,62,68.5,4.6191,291.484664,67.385031,21.3,-11.4,17.44,0.011574,0.022391,1.018,77.13,0.067,77.77,0.061,bad weather,0.296,0.517,1.007,0.530,5.395,0.486,bad weather,0.304,0.523,1.008,0.537,5.323,0.492,0.489,5.359,0.051
2013d033_21h51m04s,,HYDRA A,56326,12218.59,4.087,5.714,400,62,68.5,4.6191,288.895294,73.026159,19.72,-11.5,17.5,0.011241,0.021691,1.017,76.18,0.072,77.03,0.063,0.298,0.312,0.550,1.000,0.560,5.105,0.513,0.276,0.351,0.533,1.005,0.545,5.242,0.500,0.506,5.174,0.097
2013d034_22h00m44s,,HYDRA A,56327,12218.59,4.087,5.714,400,62,68.5,4.6094,291.207232,79.31463,24.66,-8.12,15.72,0.012278,0.023927,1.019,77.62,0.099,78.76,0.086,0.356,0.268,0.497,1.007,0.510,5.602,0.468,0.366,0.280,0.557,1.006,0.571,5.005,0.523,0.495,5.304,0.422
2013d035_21h42m02s,,HYDRA A,56328,12218.59,4.087,5.714,400,62,68.5,4.6094,287.600609,80.886747,20.17,-11.8,17.67,0.011335,0.021905,1.018,77.6,0.08,78.53,0.067,0.352,0.286,0.530,1.004,0.541,5.279,0.496,0.342,0.282,0.527,1.003,0.538,5.312,0.493,0.495,5.295,0.023
2013d036_21h55m34s,,HYDRA A,56329,12218.59,4.087,5.714,400,62,68.5,4.6094,287.138221,81.441612,19.73,-7.42,15.41,0.011243,0.021709,1.017,,,,,0.299,0.207,0.435,1.012,0.448,,,0.293,0.291,0.394,1.000,0.401,,,,,
2013d037_21h33m03s,,HYDRA A,56330,12218.59,4.087,5.714,400,62,68.5,4.6094,290.467412,80.331882,23.88,-12,17.85,0.012115,0.023579,1.019,,,,0.093,bad data,0.404,0.567,1.046,0.605,,,bad data,0.458,0.612,1.060,0.662,,,,,
2013d038_21h29m37s,,HYDRA A,56331,12218.59,4.087,5.714,400,62,68.5,4.6094,290.467412,76.262872,22.67,-11.9,17.77,0.011861,0.023026,1.018,78.69,0.067,77.63,0.07,0.268,0.292,0.549,1.001,0.559,5.110,0.513,0.286,0.323,0.631,1.001,0.644,4.437,0.590,0.551,4.774,0.476
2013d038_21h35m27s,,HYDRA A,56331,12218.59,4.087,5.714,400,62,68.5,4.6094,290.467412,76.170394,22.64,-10.5,16.94,0.011855,0.023014,1.018,78.54,0.089,77.54,0.058,0.283,0.299,0.505,1.000,0.514,5.554,0.472,0.327,0.340,0.566,1.000,0.576,4.958,0.528,0.500,5.256,0.422
2013d039_21h28m52s,,HYDRA A,56332,12218.59,4.087,5.714,400,62,68.5,4.6191,291.484664,75.892962,23.99,-11.1,17.3,0.012139,0.02362,1.019,78.3,0.071,79.25,0.07,0.327,0.293,0.534,1.001,0.544,5.247,0.499,0.345,0.280,0.571,1.004,0.584,4.892,0.535,0.517,5.070,0.251
2013d039_21h34m35s,,HYDRA A,56332,12218.59,4.087,5.714,400,62,68.5,4.6191,291.484664,75.615529,23.91,-9.73,16.51,0.01212,0.02358,1.019,78.39,0.063,79.07,0.072,0.333,0.408,0.598,1.004,0.612,4.671,0.561,0.321,0.451,0.601,1.010,0.618,4.621,0.567,0.564,4.646,0.035
2013d040_21h26m08s,,HYDRA A,56333,12218.59,4.087,5.714,400,62,68.5,4.6191,290.929799,76.447827,23.37,-10.8,17.13,0.012008,0.023342,1.019,77.71,0.071,78.48,0.068,0.309,0.324,0.521,1.000,0.531,5.385,0.486,0.286,0.323,0.634,1.001,0.646,4.421,0.593,0.539,4.903,0.682
2013d040_21h31m55s,,HYDRA A,56333,12218.59,4.087,5.714,400,62,68.5,4.6191,290.652367,76.725259,23.07,-9.42,16.35,0.011944,0.023205,1.018,77.51,0.077,78.28,0.086,0.328,0.299,0.544,1.001,0.555,5.151,0.509,0.315,0.337,0.567,1.000,0.578,4.944,0.530,0.519,5.047,0.146
2013d041_21h20m40s,,HYDRA A,56334,12218.59,4.087,5.714,400,62,68.5,4.6191,290.652367,82.27391,24.73,-11.2,17.35,0.012294,0.023967,1.019,,,,0.059,bd,,,,,,,,,,,,,,,,
2013d041_21h26m24s,,HYDRA A,56334,12218.59,4.087,5.714,400,62,68.5,4.6191,290.189979,81.53409,23.83,-9.81,16.55,0.012105,0.02356,1.019,,0.058,,0.065,,,,,,,,,,,,,,,,,
2013d043_21h35m18s,,HYDRA A,56336,12218.59,4.087,5.714,400,62,68.5,4.6191,289.172727,81.349135,22.34,-5.64,14.73,0.011792,0.02289,1.018,78.56,0.086,79.32,0.078,0.366,0.266,0.553,1.009,0.569,5.024,0.521,0.372,0.277,0.566,1.008,0.580,4.922,0.532,0.527,4.973,0.073
2013d043_21h41m03s,,HYDRA A,56336,12218.59,4.087,5.714,400,62,68.5,4.6191,288.155474,80.42436,20.75,-4.17,14.28,0.011458,0.022169,1.018,78.79,0.078,79.64,0.07,bd,,,,,,,,,,,,,,,,
2013d045_21h01m08s,,HYDRA A,56338,12218.59,4.087,5.714,400,62,68.5,4.6289,291.762097,79.869495,25.68,-12.2,17.91,0.012492,0.024385,1.020,,,79.08,0.073,0.328,0.243,0.447,1.008,0.459,,,0.270,0.275,0.524,1.000,0.535,5.343,0.490,0.245,5.343,
2013d045_21h06m52s,,HYDRA A,56338,12218.59,4.087,5.714,400,62,68.5,4.6191,291.484664,79.869495,25.25,-10.7,17.07,0.012403,0.024194,1.019,,,79.27,0.076,0.310,0.302,0.605,1.000,0.616,,,0.357,0.364,0.597,1.000,0.608,4.695,0.558,0.279,4.695,#DIV/0!
2013d046_20h56m45s,,HYDRA A,56339,12218.59,4.087,5.714,400,62,68.5,4.6289,296.016062,58.13728,24.05,-12.3,17.98,0.012151,0.023589,1.019,,,,0.133,bad data,,,,,,,,,,,,,,,,
2013d046_21h02m31s,,HYDRA A,56339,12218.59,4.087,5.714,400,62,68.5,4.6289,295.36872,63.223543,25.18,-10.8,17.14,0.012389,0.024113,1.019,,,,0.392,bad data,,,,,,,,,,,,,,,,
2013d047_20h50m39s,,HYDRA A,56340,12218.59,4.087,5.714,400,62,68.5,4.6094,293.519169,68.494761,24.46,-12.8,18.31,0.012237,0.023808,1.019,78.31,0.078,78.73,0.104,bad data,,,,,,,,,,,,,,,,
2013d047_20h56m21s,,HYDRA A,56340,12218.59,4.087,5.714,400,62,68.5,4.6094,293.241737,68.864671,24.19,-11.4,17.45,0.01218,0.023688,1.019,78.46,0.088,78.89,0.107,bad data,,,,,,,,,,,,,,,,
2013d048_21h20m33s,,HYDRA A,56341,12218.59,4.087,5.714,400,62,68.5,4.6094,289.172727,77.002692,21.15,-4.38,14.34,0.011542,0.022344,1.018,77.34,0.056,77.85,0.075,0.340,0.310,0.600,1.001,0.611,4.674,0.560,0.333,0.325,0.583,1.000,0.594,4.813,0.544,0.552,4.744,0.098
2013d048_21h26m29s,,HYDRA A,56341,12218.59,4.087,5.714,400,62,68.5,4.6094,289.265204,77.280124,21.35,-2.92,14,0.011583,0.022433,1.018,77.21,0.073,77.93,0.081,0.298,0.316,0.538,1.000,0.548,5.216,0.502,0.313,bd,0.557,1.005,0.570,5.014,0.522,0.512,5.115,0.142
2013d049_20h40m59s,,HYDRA A,56342,12218.59,4.087,5.714,400,62,68.5,4.6094,289.450159,81.811522,22.86,-13.3,18.6,0.0119,0.023122,1.019,77.5,0.098,78.11,0.07,0.315,0.311,0.542,1.000,0.553,5.171,0.507,0.309,0.320,0.572,1.000,0.583,4.903,0.534,0.520,5.037,0.189
2013d049_20h46m53s,,HYDRA A,56342,12218.59,4.087,5.714,400,62,68.5,4.6094,289.450159,81.996477,22.91,-11.8,17.7,0.011911,0.023146,1.019,77.4,0.095,78.22,0.08,0.304,0.320,0.540,1.000,0.550,5.193,0.504,0.356,0.341,0.564,1.000,0.575,4.970,0.527,0.516,5.081,0.158
2013d051_20h38m08s,,HYDRA A,56344,12218.59,4.087,5.714,400,62,68.5,4.6191,292.871827,54.06827,18.58,-12,17.83,0.011001,0.021134,1.017,77.59,0.081,77.88,0.07,bd,,,,,,,,,,,,,,,,
2013d051_20h43m51s,,HYDRA A,56344,12218.59,4.087,5.714,400,62,68.5,4.6191,292.224484,53.513405,17.69,-10.6,16.99,0.010814,0.020734,1.017,77.24,0.068,77.92,0.053,0.362,0.365,0.590,1.000,0.600,4.761,0.550,0.378,bd,0.574,1.028,0.600,4.765,0.550,0.550,4.763,0.003
2013d053_20h35m32s,,HYDRA A,56346,12218.59,4.087,5.714,400,62,68.5,4.6094,288.895294,36.774976,9.93,-10.7,17.06,0.009185,0.01721,1.014,76.05,0.088,75.66,0.053,0.304,0.302,0.547,1.000,0.554,5.156,0.508,0.334,0.330,0.564,1.000,0.571,5.000,0.524,0.516,5.078,0.110
2013d053_20h41m22s,,HYDRA A,56346,12218.59,4.087,5.714,400,62,68.5,4.6094,288.987772,37.514796,10.19,-9.29,16.29,0.00924,0.017328,1.014,76.09,0.078,75.62,0.059,0.296,0.309,0.513,1.000,0.520,5.493,0.477,0.345,0.324,0.564,1.000,0.572,4.995,0.524,0.501,5.244,0.352
2013d054_20h27m46s,,HYDRA A,56347,12218.59,4.087,5.714,400,62,68.5,4.6094,290.282457,39.179391,11.52,-11.6,17.61,0.009518,0.017929,1.015,76.94,0.089,75.99,0.059,0.293,0.292,0.541,1.000,0.549,5.206,0.503,0.334,0.324,0.581,1.000,0.589,4.847,0.540,0.522,5.026,0.254
2013d054_20h33m33s,,HYDRA A,56347,12218.59,4.087,5.714,400,62,68.5,4.6094,290.005024,38.717003,11.19,-10.2,16.79,0.00945,0.017781,1.014,76.58,0.082,75.94,0.041,0.288,0.285,0.522,1.000,0.529,5.398,0.485,0.332,0.316,0.588,1.000,0.596,4.791,0.547,0.516,5.094,0.429
2013d056_20h21m39s,,HYDRA A,56349,12218.59,4.087,5.714,400,62,68.5,4.6094,288.710339,81.349135,21.72,-11.2,17.35,0.011661,0.022608,1.018,76.6,0.07,78.16,0.083,0.360,0.230,0.539,1.018,0.559,5.114,0.512,0.389,0.234,0.494,1.024,0.515,,,0.256,5.114,
2013d056_20h27m24s,,HYDRA A,56349,12218.59,4.087,5.714,400,62,68.5,4.6094,288.617862,81.441612,21.62,-9.81,16.56,0.01164,0.022564,1.018,76.5,0.069,78.13,0.078,0.367,0.266,0.542,1.009,0.557,5.134,0.510,0.359,0.230,0.552,1.018,0.572,4.991,0.525,0.518,5.062,0.101
2013d060_20h29m39s,,HYDRA A,56353,12218.59,4.087,5.714,400,62,68.5,4.6094,287.600609,80.701792,20.12,-5.32,14.62,0.011325,0.021884,1.017,78.64,0.143,,0.126,bd,,,,,,,,,,,,,,,,
2013d060_20h42m28s,,HYDRA A,56353,12218.59,4.087,5.714,400,62,68.5,4.6094,287.693086,80.516837,20.19,-2.12,13.88,0.01134,0.021915,1.017,78.62,0.132,,0.119,bd,,,,,,,,,,,,,,,,
2013d065_19h44m21s,,HYDRA A,56358,12218.59,4.087,5.714,400,62,68.5,4.6191,291.762097,69.049626,22.2,-11.7,17.64,0.011761,0.022797,1.018,76.56,0.056,77.76,0.072,0.342,0.247,0.556,1.010,0.572,4.996,0.524,0.363,0.267,0.595,1.008,0.611,4.679,0.560,0.542,4.837,0.224
2013d065_19h50m08s,,HYDRA A,56358,12218.59,4.087,5.714,400,62,68.5,4.6191,291.762097,68.032374,21.87,-10.2,16.81,0.011693,0.022648,1.018,76.38,0.085,77.82,0.085,0.321,0.289,0.548,1.001,0.559,5.111,0.512,0.318,0.294,0.574,1.001,0.585,4.885,0.536,0.524,4.998,0.160
2013d066_19h42m50s,,HYDRA A,56359,12218.59,4.087,5.714,400,62,68.5,4.6191,290.282457,76.447827,22.47,-11.1,17.28,0.011819,0.022937,1.018,76.83,0.049,78.16,0.057,bd,,,,,,,,,,,,,,,,
2013d066_19h48m32s,,HYDRA A,56359,12218.59,4.087,5.714,400,62,68.5,4.6191,290.282457,76.170394,22.39,-9.7,16.5,0.011802,0.0229,1.018,76.7,0.064,78.18,0.063,0.389,0.285,0.494,1.009,0.508,,,0.406,0.343,0.526,1.003,0.537,5.318,,,,#DIV/0!
2013d067_19h43m14s,,HYDRA A,56360,12218.59,4.087,5.714,400,62,68.5,4.6191,289.450159,78.2049,21.85,-10,16.68,0.011688,0.022661,1.018,76.64,0.056,77.97,0.059,0.296,0.354,0.579,1.003,0.592,4.829,0.542,0.338,0.285,0.584,1.003,0.597,4.790,0.547,0.545,4.809,0.028
2013d067_19h49m00s,,HYDRA A,56360,12218.59,4.087,5.714,400,62,68.5,4.6191,289.450159,78.2049,21.85,-8.6,15.95,0.011688,0.022661,1.018,76.69,0.061,78.06,0.053,0.314,0.313,0.555,1.000,0.565,5.053,0.518,0.293,0.359,0.563,1.004,0.575,4.965,0.528,0.523,5.009,0.063
2013d069_19h25m35s,,HYDRA A,56362,12218.59,4.087,5.714,400,62,68.5,4.6094,288.247951,79.68454,20.68,-12.5,18.1,0.011442,0.022135,1.018,78.47,0.063,77.83,0.056,bd,0.285,0.505,1.005,0.517,5.529,0.474,0.326,0.282,0.549,1.002,0.560,5.101,0.513,0.494,5.315,0.303
2013d069_19h31m17s,,HYDRA A,56362,12218.59,4.087,5.714,400,62,68.5,4.6094,287.693086,79.129675,19.84,-11,17.24,0.011267,0.021756,1.017,78.41,0.05,77.96,0.059,0.304,0.269,0.519,1.001,0.529,5.402,0.485,0.337,bd,0.613,1.003,0.626,4.567,0.574,0.529,4.984,0.591
2013d071_19h21m07s,,HYDRA A,56364,12218.59,4.087,5.714,400,62,68.5,4.5996,287.415654,81.441612,20.07,-11.6,17.58,0.011315,0.021864,1.018,76.37,0.062,77.92,0.068,0.317,0.267,0.549,1.003,0.560,,,0.339,0.327,0.525,1.000,0.534,5.346,,,,
2013d071_19h26m53s,,HYDRA A,56364,12218.59,4.087,5.714,400,62,68.5,4.6094,287.600609,81.441612,20.3,-10.2,16.76,0.011364,0.021969,1.018,76.83,0.071,78.07,0.085,bd,0.278,0.545,1.000,0.555,5.151,0.508,bd,0.312,0.589,1.001,0.600,4.764,0.550,0.529,4.958,0.274
2013d072_19h12m54s,,HYDRA,56368,12218.59,4.087,5.714,400,62,68.5,4.6094,290.929799,76.262872,23.31,-12.7,18.23,0.011996,0.023316,1.019,77.96,0.064,77.79,0.061,0.302,0.304,0.510,1.000,0.520,,,,,,,,,,,,#DIV/0!
2013d072_19h18m40s,,HYDRA,56368,12218.59,4.087,5.714,400,62,68.5,4.6094,290.837322,76.077917,23.13,-11.2,17.36,0.011957,0.023232,1.019,77.91,0.066,77.59,0.058,0.316,0.301,0.511,1.000,0.521,,,0.350,0.303,0.561,1.002,0.572,4.992,,,4.992,#DIV/0!
2013d075_19h01m28s,,HYDRA,56368,12218.59,4.087,5.714,400,62,68.5,4.6191,289.635114,74.413322,21.03,-12.6,18.19,0.011516,0.022283,1.018,77.96,0.064,77.79,0.061,bd,,,,,,,,,,,,,,,,#DIV/0!
2013d075_19h07m14s,,HYDRA,56368,12218.59,4.087,5.714,400,62,68.5,4.6191,289.450159,74.690754,20.87,-11.1,17.32,0.011482,0.022212,1.018,77.91,0.066,77.59,0.058,0.347,0.218,0.505,1.020,0.524,5.454,0.480,0.407,0.299,0.610,1.009,0.626,4.565,0.574,0.527,5.009,0.628
2013d080_19h21m39s,,HYDRA,56373,12218.59,4.087,5.714,400,62,68.5,4.6289,295.73863,52.866062,21.52,-2.65,13.96,0.011619,0.022442,1.018,79.12,0.084,79.2,0.054,bd,,,,,,,,,,,,,,,,#DIV/0!
2013d080_19h27m28s,,HYDRA,56373,12218.59,4.087,5.714,400,62,68.5,4.6289,295.36872,53.790837,21.43,-1.21,13.78,0.0116,0.022404,1.018,79.05,0.073,79.1,0.093,bd,,,,,,,,,,,,,,,,#DIV/0!
2013d081_18h41m37s,,HYDRA,56374,12218.59,4.087,5.714,400,62,68.5,4.6289,291.854574,63.685931,20.59,-11.6,17.61,0.011423,0.022061,1.018,75.92,0.068,,0.075,0.298,0.301,0.548,1.000,0.558,,,,,,,,,,,,#DIV/0!
2013d081_18h47m22s,,HYDRA,56374,12218.59,4.087,5.714,400,62,68.5,4.6191,291.854574,64.148318,20.74,-10.2,16.79,0.011455,0.022129,1.018,75.94,0.069,,0.066,0.287,0.312,0.534,1.001,0.544,5.255,0.498,,,,,,,,0.249,5.255,#DIV/0!
2013d082_19h09m10s,,HYDRA,56375,12218.59,4.087,5.714,400,62,68.5,4.6289,291.577142,60.541695,19.25,-3.8,14.19,0.011142,0.021452,1.017,75.74,0.08,77.38,0.097,bd,,,,,,,,,,,,,,,,#DIV/0!
2013d082_19h14m54s,,HYDRA,56375,12218.59,4.087,5.714,400,62,68.5,4.6289,291.669619,61.651426,19.71,-2.36,13.91,0.011239,0.021662,1.017,75.96,0.068,78,0.067,0.410,0.241,0.518,1.026,0.540,5.287,0.495,0.464,0.234,0.537,1.043,0.570,5.011,0.523,0.509,5.149,0.195
2013d083_19h06m00s,,HYDRA A,56375.79,12218.59,4.087,5.714,400,62,68.5,4.6191,290.282457,74.690754,21.95,-3.61,14.15,0.01171,0.022701,1.018,77.68,0.055,,0.066,0.333,0.274,0.543,1.003,0.554,5.153,0.508,0.321,0.270,0.545,1.003,0.556,5.136,0.510,0.509,5.145,0.012
2013d083_19h11m45s,,HYDRA A,56375.8,12218.59,4.087,5.714,400,62,68.5,4.6191,290.005024,74.413322,21.51,-2.17,13.88,0.011616,0.022499,1.018,77.67,0.084,,0.069,0.313,0.251,0.505,1.004,0.516,5.535,0.473,0.355,0.295,0.536,1.003,0.547,5.223,0.502,0.487,5.379,0.221
2013d085_18h58m35s,,HYDRA A,56377.79,12218.59,4.087,5.714,400,62,68.5,4.6191,291.669619,76.077917,24.32,-3.5,14.12,0.012207,0.023767,1.019,,0.073,79.69,0.071,bd,,,,,,,,,,,,,,,,
2013d085_19h04m19s,,HYDRA A,56377.79,12218.59,4.087,5.714,400,62,68.5,4.6191,291.762097,76.447827,24.58,-2.06,13.87,0.012261,0.023882,1.019,,0.068,,0.074,bd,,,,,,,,,,,,,,,,
2013d086_18h51m35s,,HYDRA A,56378.78,12218.59,4.087,5.714,400,62,68.5,4.6191,290.929799,78.482332,23.99,-4.27,14.31,0.012139,0.023626,1.019,76.53,0.06,,1.739,0.365,0.259,0.472,1.011,0.486,,,,,,,,,,,,
2013d086_18h57m19s,,HYDRA A,56378.79,12218.59,4.087,5.714,400,62,68.5,4.6191,290.652367,78.2049,23.51,-2.83,13.99,0.012037,0.023408,1.018,76.53,0.084,,0.454,0.383,0.274,0.524,1.010,0.539,,,,,,,,,,,,
2013d087_18h18m50s,,HYDRA A,56379.76,12218.59,4.087,5.714,400,62,68.5,4.6094,289.357682,73.765979,20.49,-11.4,17.49,0.011403,0.022041,1.018,76.31,0.055,77.78,0.058,0.302,0.298,0.574,1.000,0.584,4.892,0.535,0.293,0.323,0.612,1.001,0.623,4.586,0.571,0.553,4.739,0.216
2013d087_18h24m37s,,HYDRA A,56379.77,12218.59,4.087,5.714,400,62,68.5,4.6094,288.895294,74.228367,20.04,-10,16.68,0.011309,0.02184,1.017,76.04,0.058,77.88,0.067,0.340,0.286,0.519,1.003,0.529,5.401,0.485,0.341,0.273,0.554,1.005,0.566,5.046,0.519,0.502,5.224,0.251
2013d088_18h12m20s,,HYDRA A,56380.76,12218.59,4.087,5.714,400,62,68.5,4.6191,290.837322,74.690754,22.71,-12.1,17.87,0.011868,0.023039,1.019,76.09,0.073,78.18,0.059,0.297,0.302,0.533,1.000,0.543,5.262,0.498,0.354,0.304,0.553,1.002,0.565,5.060,0.518,0.508,5.161,0.143
2013d088_18h18m03s,,HYDRA A,56380.76,12218.59,4.087,5.714,400,62,68.5,4.6191,290.652367,74.690754,22.45,-10.7,17.03,0.011815,0.022925,1.018,76.31,0.058,78.08,0.056,0.338,0.308,0.530,1.001,0.541,5.285,0.496,0.294,0.327,0.572,1.001,0.584,4.896,0.535,0.515,5.090,0.275
2013d089_18h07m35s,,HYDRA A,56381.75,12218.59,4.087,5.714,400,62,68.5,4.6191,294.25899,57.859848,21.59,-12.3,18,0.011634,0.022491,1.018,77.78,0.108,,0.081,bd,,,,,,,bd,,,,,,,,,
2013d089_18h13m22s,,HYDRA A,56381.76,12218.59,4.087,5.714,400,62,68.5,4.6191,294.25899,58.044803,21.66,-10.8,17.14,0.011648,0.022523,1.018,77.75,0.069,,0.07,0.333,bd,0.542,1.015,0.560,5.098,0.514,0.360,bd,0.515,1.041,0.546,5.228,0.501,0.507,5.163,0.092
2013d090_18h03m24s,,HYDRA A,56382.75,12218.59,4.087,5.714,400,62,68.5,4.6094,289.357682,66.367778,18.44,-12.4,18.03,0.010972,0.021101,1.017,75.42,0.066,77.28,0.059,0.323,0.325,0.530,1.015,0.547,5.224,0.501,0.334,0.313,0.566,1.000,0.576,4.959,0.528,0.515,5.092,0.188
2013d090_18h09m09s,,HYDRA A,56382.75,12218.59,4.087,5.714,400,62,68.5,4.6094,289.172727,66.645211,18.31,-10.9,17.18,0.010944,0.021042,1.017,75.53,0.073,77.14,0.076,bd,,,,,,,0.377,0.311,0.566,1.003,0.577,4.948,0.529,0.265,4.948,#DIV/0!
2013d091_18h07m21s,,HYDRA A,56383.75,12218.59,4.087,5.714,400,62,68.5,4.6191,291.854574,65.073093,21.04,-10.4,16.88,0.011518,0.022266,1.018,76.56,0.074,79.47,0.188,0.309,0.280,0.547,1.015,0.565,5.057,0.518,bd,,,,,,,,,
2013d091_18h13m05s,,HYDRA A,56383.76,12218.59,4.087,5.714,400,62,68.5,4.6191,291.762097,65.720436,21.13,-8.99,16.14,0.011537,0.022308,1.018,76.61,0.049,78.43,0.079,0.339,0.269,0.548,1.015,0.566,5.048,0.519,bd,,,,,,,,,
2013d095_17h54m26s,,HYDRA A,56387.74,12218.59,4.087,5.714,400,62,68.5,4.6094,284.641329,66.367778,13.75,-9.72,16.51,0.009986,0.018977,1.015,74.47,0.053,,0.114,0.293,bd,0.524,1.005,0.535,5.343,0.490,bd,,,,,,,,,
2013d095_18h00m14s,,HYDRA A,56387.75,12218.59,4.087,5.714,400,62,68.5,4.6094,284.178941,67.107599,13.5,-8.29,15.8,0.009934,0.018865,1.015,74.17,0.052,,0.121,0.312,0.296,0.546,1.015,0.563,5.073,0.516,bd,,,,,,,,,
2013d096_17h51m49s,,HYDRA A,56388.74,12218.59,4.087,5.714,400,62,68.5,4.6191,286.768311,54.80809,12.97,-9.42,16.35,0.009825,0.018614,1.015,74.6,0.061,77.35,0.061,0.349,0.271,0.525,1.015,0.541,5.285,0.496,bd,0.307,0.612,1.000,0.621,4.601,0.569,0.532,4.943,0.483
2013d096_17h57m46s,,HYDRA A,56388.75,12218.59,4.087,5.714,400,62,68.5,4.6289,286.583356,53.605882,12.54,-7.92,15.63,0.009734,0.018418,1.015,74.75,0.07,77.19,0.055,0.322,0.320,0.596,1.015,0.614,4.656,0.563,0.319,0.322,0.590,1.000,0.598,4.776,0.548,0.556,4.716,0.085
2013d097_17h44m31s,,HYDRA A,56389.74,12218.59,4.087,5.714,400,62,68.5,4.6094,287.600609,45.652817,11.38,-10.2,16.8,0.00949,0.01788,1.014,75.01,0.068,78.49,0.132,bd,,,,,,,bd,,,,,,,,,
2013d097_17h50m19s,,HYDRA A,56389.74,12218.59,4.087,5.714,400,62,68.5,4.6094,287.323176,47.224934,11.57,-8.78,16.03,0.00953,0.017969,1.014,74.61,0.069,78.12,0.142,0.327,0.316,0.532,1.015,0.548,5.215,0.502,bd,,,,,,,0.251,5.215,#DIV/0!
2013d101_18h35m18s,,HYDRA A,56393.77,12218.59,4.087,5.714,400,62,68.5,4.6094,286.768311,76.355349,18.08,6.43,15.01,0.010896,0.020953,1.017,75.94,0.097,,0.172,0.322,0.262,0.527,1.004,0.538,5.315,0.493,bd,,,,,,,0.246,5.315,#DIV/0!
2013d101_18h40m59s,,HYDRA A,56393.78,12218.59,4.087,5.714,400,62,68.5,4.6094,286.398401,76.540304,17.71,7.85,15.6,0.010818,0.020786,1.017,75.91,0.113,,0.151,0.318,0.275,0.499,1.002,0.508,,,bd,,,,,,,,,
2013d103_17h19m15s,,HYDRA A,56395.72,12218.59,4.087,5.714,400,62,68.5,4.6094,286.768311,79.869495,18.91,-10.6,17.03,0.011071,0.021335,1.017,76.05,0.059,,0.074,0.305,0.292,0.565,1.000,0.574,4.974,0.527,bd,,,,,,,0.263,4.974,#DIV/0!
2013d103_17h24m56s,,HYDRA A,56395.72,12218.59,4.087,5.714,400,62,68.5,4.6094,286.768311,79.869495,18.91,-9.24,16.26,0.011071,0.021335,1.017,76.18,0.063,,0.079,0.310,0.295,0.539,1.000,0.548,5.215,0.502,bd,,,,,,,0.251,5.215,#DIV/0!
2013d104_17h14m52s,,HYDRA A,56396.72,12218.59,4.087,5.714,400,62,68.5,4.6289,288.802817,60.911605,16.36,-10.7,17.08,0.010535,0.020152,1.016,75.67,0.061,77.95,0.131,0.295,0.293,0.529,1.000,0.537,5.319,0.492,bd,,,,,,,0.246,5.319,#DIV/0!
2013d104_17h20m37s,,HYDRA A,56396.72,12218.59,4.087,5.714,400,62,68.5,4.6191,288.247951,60.819128,15.78,-9.33,16.31,0.010414,0.019893,1.016,75.53,0.069,77.56,0.054,0.300,0.296,0.566,1.000,0.576,4.964,0.528,0.308,0.291,0.579,1.000,0.588,4.855,0.540,0.534,4.910,0.077
2013d105_17h07m55s,,HYDRA A,56397.71,12218.59,4.087,5.714,400,62,68.5,4.6289,291.299709,57.952325,18.12,-11.5,17.51,0.010905,0.020939,1.017,75.96,0.053,,0.063,0.312,0.309,0.532,1.000,0.541,5.279,0.496,bd,,,,,,,0.248,5.279,#DIV/0!
2013d105_17h13m45s,,HYDRA A,56397.72,12218.59,4.087,5.714,400,62,68.5,4.6289,291.114754,59.524443,18.4,-10,16.69,0.010965,0.02107,1.017,76.11,0.069,,0.075,0.286,0.275,0.561,1.000,0.571,5.005,0.523,bd,,,,,,,0.262,5.005,#DIV/0!
2013d107_17h03m58s,,HYDRA A,56399.71,12218.59,4.087,5.714,400,62,68.5,4.6289,291.669619,41.953716,13.41,-10.5,16.96,0.009917,0.018787,1.015,75.56,0.064,,0.073,0.302,0.320,0.539,1.000,0.548,5.217,0.502,bd,,,,,,,0.251,5.217,#DIV/0!
2013d107_17h09m42s,,HYDRA A,56399.71,12218.59,4.087,5.714,400,62,68.5,4.6289,291.669619,42.970969,13.74,-9.11,16.19,0.009985,0.018935,1.015,75.48,0.068,79.7,0.086,0.325,0.294,0.523,1.001,0.531,5.381,0.487,bd,,,,,,,0.243,5.381,#DIV/0!
2013d108_16h59m59s,,HYDRA A,56400.71,12218.59,4.087,5.714,400,62,68.5,4.6094,289.357682,62.668678,17.41,-10.5,16.95,0.010756,0.02063,1.017,76.59,0.156,77.38,0.084,bd,,,,,,,bd,,,,,,,,,
2013d108_17h06m10s,,HYDRA A,56400.71,12218.59,4.087,5.714,400,62,68.5,4.6094,289.357682,63.408498,17.62,-9.01,16.15,0.010799,0.020724,1.017,79.28,0.448,,0.495,bd,,,,,,,bd,,,,,,,,,
2013d109_16h47m59s,,HYDRA A,56401.7,12218.59,4.087,5.714,400,62,68.5,4.6191,286.490879,82.736297,19.25,-12.5,18.14,0.011142,0.021494,1.017,,0.06,,0.067,bd,,,,,,,bd,,,,,,,,,
2013d109_16h53m43s,,HYDRA A,56401.7,12218.59,4.087,5.714,400,62,68.5,4.6191,286.120969,82.458865,18.75,-11.1,17.29,0.011037,0.021265,1.017,,0.241,,0.234,bd,,,,,,,bd,,,,,,,,,
2013d110_16h52m15s,,HYDRA A,56402.7,12218.59,4.087,5.714,400,62,68.5,4.6191,282.791778,80.516837,14.82,-10.5,16.94,0.010212,0.019478,1.016,76.7,0.065,,0.298,0.280,0.341,0.532,1.004,0.542,5.267,0.497,bd,,,,,,,0.249,5.267,#DIV/0!
2013d110_16h57m59s,,HYDRA A,56402.71,12218.59,4.087,5.714,400,62,68.5,4.6191,282.884256,80.79427,14.96,-9.09,16.19,0.010242,0.019542,1.016,76.58,0.074,,0.147,0.288,0.304,0.510,1.000,0.518,,,bd,,,,,,,,,
2013d114_18h00m53s,,HYDRA A,56406.75,12218.59,4.087,5.714,400,62,68.5,4.6289,285.103716,76.725259,16.36,10.59,16.98,0.010536,0.020176,1.016,74.63,0.087,76.22,0.062,0.343,0.252,0.568,1.009,0.582,4.911,0.533,bd,bd,bd,,,,,0.267,4.911,#DIV/0!
2013d114_18h06m47s,,HYDRA A,56406.75,12218.59,4.087,5.714,400,62,68.5,4.6289,284.918761,77.280124,16.29,12.07,17.83,0.010521,0.020144,1.016,74.58,0.065,76.21,0.068,0.325,bd,0.547,1.011,0.561,5.089,0.515,0.367,0.357,0.582,1.000,0.592,4.829,0.542,0.529,4.959,0.183
2013d115_16h30m22s,,HYDRA A,56407.69,12218.59,4.087,5.714,400,62,68.5,4.6094,288.987772,68.587239,18.63,-11,17.25,0.011012,0.02119,1.017,77.11,0.083,,0.118,0.308,0.280,0.519,1.001,0.528,5.408,0.484,bd,bd,bd,,,,,0.242,5.408,
2013d115_16h36m12s,,HYDRA A,56407.69,12218.59,4.087,5.714,400,62,68.5,4.6094,288.802817,68.587239,18.42,-9.64,16.47,0.010967,0.021095,1.017,76.92,0.083,,0.073,0.320,0.268,0.538,1.003,0.549,5.208,0.503,bd,bd,bd,,,,,0.251,5.208,
2013d116_16h24m31s,,HYDRA A,56408.68,12218.59,4.087,5.714,400,62,68.5,4.6094,289.635114,58.50719,16.53,-11.5,17.53,0.010572,0.020227,1.016,,1.794,76.88,0.865,bd,,,,,,,bd,,,,,,,0.000,,
2013d116_16h30m39s,,HYDRA A,56408.69,12218.59,4.087,5.714,400,62,68.5,4.6094,289.265204,58.969578,16.29,-10,16.67,0.010521,0.020118,1.016,76.67,0.291,,1.218,bd,,,,,,,bd,,,,,,,,,
2013d117_16h22m42s,,HYDRA A,56409.68,12218.59,4.087,5.714,400,62,68.5,4.6289,290.837322,50.461647,15.34,-11,17.23,0.010322,0.019674,1.016,75.52,0.082,77.59,0.09,0.321,0.289,0.536,1.001,0.545,5.240,0.500,0.350,0.341,0.533,1.000,0.542,5.272,0.497,0.498,5.256,
2013d117_16h28m26s,,HYDRA A,56409.68,12218.59,4.087,5.714,400,62,68.5,4.6289,290.282457,51.571377,15.16,-9.59,16.44,0.010283,0.019594,1.016,75.53,0.074,77.68,0.087,0.323,0.231,0.549,1.010,0.563,5.072,0.516,bd,,,,,,,,,
2013d118_16h11m55s,,HYDRA A,56410.67,12218.59,4.087,5.714,400,62,68.5,4.6289,291.114754,45.375384,14.03,-12.7,18.25,0.010046,0.019072,1.015,75.84,0.055,77.55,0.07,0.349,0.286,0.560,1.004,0.571,5.003,0.524,bd,0.271,0.537,1.000,0.545,5.240,0.500,0.512,5.122,
2013d118_16h17m42s,,HYDRA A,56410.68,12218.59,4.087,5.714,400,62,68.5,4.6289,291.207232,46.300159,14.39,-11.3,17.38,0.010123,0.019239,1.016,75.73,0.075,77.55,0.065,0.310,0.267,0.560,1.002,0.570,5.012,0.523,bd,,,,,,,,,
2013d121_16h02m14s,,HYDRA A,56413.67,12218.59,4.087,5.714,400,62,68.5,4.6289,288.987772,57.02755,15.49,-12.2,17.92,0.010352,0.019753,1.016,75.57,0.058,,0.059,0.318,0.299,0.540,1.000,0.549,5.206,0.503,bd,,,,,,,,,
2013d121_16h08m01s,,HYDRA A,56413.67,12218.59,4.087,5.714,400,62,68.5,4.6289,288.710339,57.39746,15.32,-10.7,17.08,0.010318,0.01968,1.016,75.39,0.077,,0.068,bd,0.306,0.546,1.005,0.558,5.123,0.511,bd,,,,,,,,,
2013d122_16h06m40s,,HYDRA A,56414.67,12218.59,4.087,5.714,400,62,68.5,4.6094,289.635114,49.351917,13.95,-10.1,16.72,0.010028,0.019043,1.015,77.06,0.064,76.83,0.061,0.279,0.283,0.527,1.000,0.535,5.336,0.491,0.298,0.335,0.602,1.001,0.612,4.665,0.561,0.526,5.001,
2013d122_16h12m26s,,HYDRA A,56414.67,12218.59,4.087,5.714,400,62,68.5,4.6094,289.450159,50.831557,14.2,-8.68,15.98,0.010082,0.019162,1.015,76.87,0.069,77.18,0.153,0.282,0.287,0.501,1.000,0.508,5.620,0.466,0.320,0.331,0.603,1.000,0.613,4.662,0.562,0.514,5.141,
2013d124_15h49m06s,,HYDRA A,56416.66,12218.59,4.087,5.714,400,62,68.5,4.6094,287.508131,25.86263,6.41,-12.5,18.13,0.008446,0.015602,1.013,73.67,0.073,76.66,0.394,0.276,0.299,0.573,1.001,0.581,4.917,0.533,bd,,,,,,,,,
2013d124_15h54m47s,,HYDRA A,56416.66,12218.59,4.087,5.714,400,62,68.5,4.6094,286.953266,29.099342,6.97,-11.1,17.28,0.008563,0.015859,1.013,73.5,0.077,,0.074,0.342,0.289,0.561,1.003,0.570,5.017,0.522,bd,,,,,,,,,
2013d125_15h48m00s,,HYDRA A,56417.66,12218.59,4.087,5.714,400,62,68.5,4.6094,286.305924,34.463038,7.93,-11.8,17.7,0.008764,0.0163,1.013,73.99,0.096,75.71,0.086,0.283,0.251,0.519,1.001,0.527,5.422,0.483,0.312,0.317,0.559,1.000,0.566,5.048,0.519,0.501,5.235,
2013d125_15h53m47s,,HYDRA A,56417.66,12218.59,4.087,5.714,400,62,68.5,4.6094,286.213446,35.110381,8.03,-10.4,16.87,0.008786,0.016347,1.013,73.98,0.082,75.74,0.056,0.300,0.252,0.520,1.003,0.528,5.412,0.484,0.357,0.288,0.557,1.004,0.567,5.041,0.520,0.502,5.227,
2013d126_15h49m15s,,HYDRA A,56418.66,12218.59,4.087,5.714,400,62,68.5,4.6094,286.398401,49.259439,11.39,-10.5,16.95,0.009493,0.017891,1.014,76.14,0.072,75.79,0.055,0.269,0.292,0.513,1.001,0.521,5.483,0.478,0.315,0.316,0.525,1.000,0.532,5.366,0.488,0.483,5.424,
2013d126_15h55m00s,,HYDRA A,56418.66,12218.59,4.087,5.714,400,62,68.5,4.6094,286.028491,50.554124,11.43,-9.11,16.19,0.0095,0.017907,1.014,75.96,0.081,75.85,0.049,0.282,0.330,0.523,1.002,0.531,5.377,0.487,bd,0.346,0.627,1.004,0.638,4.477,0.585,0.536,4.927,
2013d130_15h35m49s,,HYDRA A,56422.65,12218.59,4.087,5.714,400,62,68.5,4.6094,292.779349,27.71218,9.47,-9.97,16.64,0.009089,0.016982,1.014,76.15,0.072,78.45,0.162,bd,,,,,,,bd,,,,,,,,,
2013d130_15h41m41s,,HYDRA A,56422.65,12218.59,4.087,5.714,400,62,68.5,4.6094,292.409439,28.544477,9.54,-8.53,15.91,0.009103,0.017016,1.014,75.48,0.064,78.21,0.163,0.253,0.269,0.567,1.000,0.575,4.966,0.527,bd,0.311,0.607,1.000,0.615,4.642,0.564,0.546,4.804,
2013d131_15h33m27s,,HYDRA A,56423.65,12218.59,4.087,5.714,400,62,68.5,4.6094,287.693086,65.627958,16.46,-9.57,16.43,0.010556,0.020205,1.016,77.44,0.092,77.38,0.07,bd,0.324,0.523,1.017,0.540,5.292,0.495,bd,0.356,0.569,1.018,0.589,4.853,0.540,0.517,5.072,
2013d131_15h39m06s,,HYDRA A,56423.65,12218.59,4.087,5.714,400,62,68.5,4.6094,287.138221,66.737688,16.17,-8.17,15.74,0.010495,0.020076,1.016,77.29,0.104,76.99,0.082,0.280,0.295,0.497,1.000,0.505,5.662,0.463,bd,0.358,0.570,1.019,0.590,4.840,0.541,0.502,5.251,
2013d132_15h24m26s,,HYDRA A,56424.64,12218.59,4.087,5.714,400,62,68.5,4.6289,289.357682,52.21872,14.51,-10.8,17.12,0.010146,0.019302,1.016,75.77,0.066,77.59,0.074,0.264,0.304,0.548,1.002,0.558,5.123,0.511,0.292,0.343,0.570,1.002,0.581,4.920,0.532,0.522,5.022,
2013d132_15h30m10s,,HYDRA A,56424.64,12218.59,4.087,5.714,400,62,68.5,4.6289,288.987772,53.32845,14.48,-9.41,16.35,0.010141,0.019293,1.015,75.72,0.058,77.59,0.062,0.291,0.324,0.543,1.001,0.552,5.172,0.506,bd,0.341,0.556,1.015,0.573,4.985,0.525,0.516,5.078,
2013d136_14h58m54s,,HYDRA A,56428.62,12218.59,4.087,5.714,400,62,68.5,4.6094,292.224484,37.422318,12.37,-13.3,18.6,0.009698,0.018308,1.015,77.91,0.086,77.54,0.06,0.218,0.316,0.495,1.012,0.509,5.612,0.467,bd,0.310,0.578,1.002,0.588,4.858,0.539,0.503,5.235,
2013d136_15h04m40s,,HYDRA A,56428.63,12218.59,4.087,5.714,400,62,68.5,4.6094,291.762097,38.439571,12.36,-11.8,17.71,0.009695,0.018305,1.015,77.97,0.079,77.38,0.062,0.252,0.342,0.531,1.008,0.543,5.262,0.498,0.314,bd,0.549,1.007,0.561,5.095,0.514,0.506,5.179,
2013d137_14h55m08s,,HYDRA A,56429.62,12218.59,4.087,5.714,400,62,68.5,4.6094,290.282457,52.95854,15.57,-13.2,18.58,0.010369,0.019781,1.016,75.38,0.081,78.16,0.198,bd,,,,,,,bd,,,,,,,,,
2013d137_15h00m52s,,HYDRA A,56429.62,12218.59,4.087,5.714,400,62,68.5,4.6094,290.005024,52.866062,15.28,-11.8,17.69,0.010309,0.019651,1.016,75.22,0.123,77.36,0.076,bd,,,,,,,bd,,,,,,,,,
2013d138_14h56m32s,,HYDRA A,56430.62,12218.59,4.087,5.714,400,62,68.5,4.6289,290.005024,58.8771,17.02,-11.9,17.75,0.010673,0.020446,1.016,75.71,0.116,77.83,0.064,bd,0.382,0.537,1.046,0.571,5.004,0.523,bd,0.396,0.548,1.050,0.585,4.886,0.536,0.530,4.945,
2013d138_15h02m15s,,HYDRA A,56430.63,12218.59,4.087,5.714,400,62,68.5,4.6289,289.542637,59.431965,16.7,-10.5,16.93,0.010607,0.020304,1.016,75.82,0.051,77.62,0.054,bd,0.391,0.521,1.061,0.562,5.083,0.515,bd,,,,,,,,,
2013d139_14h54m32s,,HYDRA A,56431.62,12218.59,4.087,5.714,400,62,68.5,4.6094,289.265204,55.178,15.24,-11.4,17.46,0.010301,0.019639,1.016,75.31,0.065,76.91,0.096,bd,0.371,0.519,1.047,0.552,5.177,0.506,bd,0.377,0.555,1.034,0.584,4.896,0.535,0.521,5.036,
2013d139_15h00m16s,,HYDRA A,56431.62,12218.59,4.087,5.714,400,62,68.5,4.6094,289.172727,56.102775,15.41,-10,16.66,0.010336,0.019717,1.016,75.24,0.089,77.15,0.058,0.228,0.379,0.506,1.024,0.526,5.430,0.482,0.262,0.369,0.516,1.011,0.530,5.394,0.486,0.484,5.412,
2013d140_14h46m24s,,HYDRA A,56432.61,12218.59,4.087,5.714,400,62,68.5,4.6094,291.392187,38.901958,12.23,-12.5,18.1,0.009668,0.018249,1.015,77.5,0.079,78.38,0.247,bd,0.380,0.469,1.068,0.508,5.623,0.466,bd,,,,,,,,,
2013d140_14h52m08s,,HYDRA A,56432.62,12218.59,4.087,5.714,400,62,68.5,4.6094,291.207232,38.717003,12.04,-11,17.24,0.009628,0.018162,1.015,77.45,0.089,77.97,0.108,0.181,0.398,0.495,1.057,0.531,5.378,0.487,bd,,,,,,,,,
2013d141_14h41m11s,,HYDRA A,56433.61,12218.59,4.087,5.714,400,62,68.5,4.6094,293.426692,30.116595,10.7,-12.8,18.29,0.009346,0.017538,1.014,75.25,0.081,77.05,0.064,bd,0.354,0.514,1.038,0.541,5.282,0.496,bd,0.472,0.544,1.116,0.616,4.640,0.565,0.530,4.961,
2013d141_14h46m56s,,HYDRA A,56433.61,12218.59,4.087,5.714,400,62,68.5,4.6094,292.964304,30.394028,10.5,-11.3,17.43,0.009305,0.017451,1.014,75.31,0.074,76.91,0.053,bd,0.378,0.526,1.049,0.560,5.105,0.513,bd,0.414,0.525,1.078,0.574,4.981,0.526,0.519,5.043,
2013d142_14h35m32s,,HYDRA A,56434.61,12218.59,4.087,5.714,400,62,68.5,4.6289,291.947052,40.381599,13.13,-13.2,18.56,0.009857,0.018655,1.015,77.52,0.09,77.09,0.056,0.143,0.305,0.488,,,,,bd,0.347,0.521,1.030,0.544,5.248,0.499,0.250,5.248,
2013d142_14h41m15s,,HYDRA A,56434.61,12218.59,4.087,5.714,400,62,68.5,4.6289,291.669619,41.028941,13.12,-11.8,17.68,0.009854,0.018652,1.015,77.45,0.095,77.2,0.057,bd,0.433,0.489,1.125,0.558,5.117,0.512,bd,0.476,0.519,1.142,0.602,4.749,0.552,0.532,4.933,
2013d143_14h34m22s,,HYDRA A,56435.61,12218.59,4.087,5.714,400,62,68.5,4.6289,293.426692,24.7529,8.79,-12.5,18.13,0.008946,0.01667,1.014,75.49,0.063,,0.083,bd,0.461,0.490,1.155,0.574,4.980,0.526,bd,,,,,,,,,
2013d143_14h40m05s,,HYDRA A,56435.61,12218.59,4.087,5.714,400,62,68.5,4.6289,292.871827,25.030332,8.6,-11.1,17.28,0.008906,0.016585,1.013,75.27,0.079,,0.09,0.188,0.478,0.526,1.082,0.576,4.958,0.528,bd,,,,,,,,,
2013d144_14h27m32s,,HYDRA A,56436.6,12218.59,4.087,5.714,400,62,68.5,4.6289,292.964304,32.336055,11.17,-13.2,18.59,0.009446,0.017757,1.014,75.48,0.078,77.95,0.09,bd,0.440,0.526,1.100,0.587,4.865,0.538,bd,0.429,0.576,1.059,0.619,4.617,0.567,0.553,4.741,
2013d144_14h33m17s,,HYDRA A,56436.61,12218.59,4.087,5.714,400,62,68.5,4.6289,292.501917,33.168353,11.15,-11.8,17.7,0.009441,0.017748,1.014,75.33,0.077,77.42,0.049,0.192,0.426,0.496,1.059,0.533,5.362,0.488,bd,0.476,0.551,1.114,0.623,4.587,0.571,0.530,4.975,
2013d145_14h26m39s,,HYDRA A,56437.6,12218.59,4.087,5.714,400,62,68.5,4.6094,293.981557,28.729432,10.54,-12.5,18.11,0.009314,0.017466,1.014,75.47,0.086,77.3,0.061,bd,0.436,0.535,1.090,0.592,4.830,0.542,0.189,0.439,0.556,1.066,0.601,4.752,0.551,0.547,4.791,
2013d145_14h32m25s,,HYDRA A,56437.6,12218.59,4.087,5.714,400,62,68.5,4.6094,293.889079,28.729432,10.49,-11,17.25,0.009302,0.01744,1.014,75.41,0.061,77.26,0.049,0.193,0.435,0.479,1.061,0.516,5.538,0.473,0.155,0.439,0.548,1.102,0.613,4.663,0.562,0.517,5.100,
2013d146_14h22m26s,,HYDRA A,56438.6,12218.59,4.087,5.714,400,62,68.5,4.6094,294.721377,22.995827,8.82,-12.5,18.15,0.008952,0.016676,1.014,75.21,0.076,76.74,0.101,0.191,0.441,0.502,1.065,0.542,5.271,0.497,0.189,0.442,0.543,1.067,0.587,4.867,0.538,0.518,5.069,
2013d146_14h28m10s,,HYDRA A,56438.6,12218.59,4.087,5.714,400,62,68.5,4.6094,293.981557,22.348484,8.2,-11.1,17.3,0.008823,0.016399,1.013,75.15,0.082,76.72,0.071,0.197,0.423,0.496,1.054,0.530,5.391,0.486,bd,0.424,0.530,1.083,0.581,4.917,0.533,0.509,5.154,
2013d149_14h12m27s,,HYDRA A,56441.59,12218.59,4.087,5.714,400,62,68.5,4.6191,294.813855,27.989612,10.79,-12.1,17.87,0.009366,0.017573,1.014,75.38,0.068,78.26,0.146,bd,,,,,,,bd,,,,,,,,,
2013d149_14h18m10s,,HYDRA A,56441.59,12218.59,4.087,5.714,400,62,68.5,4.6094,294.536422,27.619702,10.48,-10.7,17.04,0.0093,0.017431,1.014,75.44,0.061,77.89,0.152,0.183,0.424,0.511,1.065,0.552,5.173,0.506,bd,0.422,0.569,1.058,0.610,4.680,0.560,0.533,4.927,
2013d150_14h08m33s,,HYDRA A,56442.59,12218.59,4.087,5.714,400,62,68.5,4.6289,296.84836,24.475467,10.63,-12.1,17.87,0.009332,0.017487,1.014,75.98,0.077,78.13,0.086,bd,,,,,,,bd,,,,,,,,,
2013d150_14h14m19s,,HYDRA A,56442.59,12218.59,4.087,5.714,400,62,68.5,4.6289,296.47845,23.828125,10.13,-10.6,17.03,0.009227,0.017262,1.014,76.03,0.085,77.99,0.073,bd,,,,,,,bd,,,,,,,,,
2013d151_14h06m12s,,HYDRA A,56443.59,12218.59,4.087,5.714,400,62,68.5,4.6094,296.385972,22.440962,9.49,-11.7,17.64,0.009092,0.016971,1.014,75.93,0.088,77.8,0.074,bd,0.343,0.514,1.031,0.537,5.319,0.492,bd,,,,,,,,,
2013d151_14h11m56s,,HYDRA A,56443.59,12218.59,4.087,5.714,400,62,68.5,4.6094,296.293495,22.718394,9.55,-10.3,16.82,0.009106,0.017002,1.014,75.96,0.09,78.36,0.071,bd,0.375,0.456,1.093,0.505,5.657,0.463,bd,0.365,0.524,1.040,0.552,5.172,0.506,0.485,5.414,
2013d152_14h01m04s,,HYDRA A,56444.58,12218.59,4.087,5.714,400,62,68.5,4.6094,296.293495,27.064837,11.38,-12,17.83,0.00949,0.017831,1.014,76.2,0.069,77.92,0.094,bd,,,,,,,bd,,,,,,,,,
2013d152_14h06m50s,,HYDRA A,56444.59,12218.59,4.087,5.714,400,62,68.5,4.6094,296.016062,27.897135,11.54,-10.6,16.98,0.009524,0.017907,1.014,76.21,0.094,77.79,0.083,bd,,,,,,,bd,,,,,,,,,
2013d153_13h57m19s,,HYDRA A,56445.58,12218.59,4.087,5.714,400,62,68.5,4.6094,295.923585,27.157315,11.18,-12,17.79,0.009447,0.017741,1.014,76.33,0.077,78.48,0.074,bd,,,,,,,bd,,,,,,,,,
2013d153_14h03m04s,,HYDRA A,56445.58,12218.59,4.087,5.714,400,62,68.5,4.6094,295.73863,27.157315,11.05,-10.5,16.95,0.009421,0.017687,1.014,76.13,0.075,78.11,0.066,bd,,,,,,,bd,,,,,,,,,
2013d154_13h48m00s,,HYDRA A,56446.57,12218.59,4.087,5.714,400,62,68.5,4.6289,294.536422,15.412671,5.85,-13.3,18.62,0.008328,0.015324,1.013,78.36,0.095,77.62,0.097,bd,0.478,0.523,1.140,0.604,4.733,0.553,bd,,,,,,,,4.733,
2013d154_13h53m44s,,HYDRA A,56446.58,12218.59,4.087,5.714,400,62,68.5,4.6289,294.443945,16.337446,6.16,-11.9,17.73,0.008394,0.015469,1.013,78.19,0.113,78.01,0.077,bd,,,,,,,bd,,,,,,,,,
2013d157_13h36m15s,,HYDRA A,56449.57,12218.59,4.087,5.714,400,62,68.5,4.6094,293.889079,21.238754,7.75,-13.3,18.63,0.008728,0.016195,1.013,75.33,0.116,77.56,0.098,bd,,,,,,,0.166,bd,0.521,1.076,0.568,5.027,0.521,0.261,5.027,
2013d157_13h42m05s,,HYDRA A,56449.57,12218.59,4.087,5.714,400,62,68.5,4.6094,293.981557,21.516187,7.9,-11.8,17.72,0.008758,0.01626,1.013,75.14,0.09,76.92,0.109,bd,,,,,,,bd,0.477,0.539,1.125,0.614,4.655,0.563,0.281,4.655,
2013d159_13h34m27s,,HYDRA A,56451.56,12218.59,4.087,5.714,400,62,68.5,4.6094,294.6289,25.49272,9.72,-11.8,17.68,0.009142,0.017088,1.014,76.05,0.109,77.64,0.096,bd,,,,,,,bd,,,,,,,,,
2013d159_13h40m06s,,HYDRA A,56451.57,12218.59,4.087,5.714,400,62,68.5,4.6094,294.721377,25.86263,9.92,-10.3,16.87,0.009183,0.017176,1.014,76.06,0.106,77.89,0.071,bd,,,,,,,bd,,,,,,,,,
2013d160_13h24m22s,,HYDRA A,56452.56,12218.59,4.087,5.714,400,62,68.5,4.6094,285.843536,31.133848,6.96,-13.3,18.63,0.008561,0.015856,1.013,74.76,0.146,,0.19,bd,,,,,,,bd,,,,,,,,,
2013d160_13h30m10s,,HYDRA A,56452.56,12218.59,4.087,5.714,400,62,68.5,4.6094,285.658581,29.746685,6.57,-11.9,17.73,0.00848,0.015679,1.013,74.6,0.204,,0.25,bd,,,,,,,bd,,,,,,,,,
2013d161_14h21m33s,,HYDRA A,56453.6,12218.59,4.087,5.714,400,62,68.5,4.6094,288.432906,40.011689,10.5,1.96,13.85,0.009305,0.017473,1.014,74.49,0.079,76.34,0.064,0.194,0.436,0.513,1.061,0.551,5.180,0.506,bd,0.439,0.553,1.080,0.605,4.721,0.555,0.530,4.951,
2013d161_14h27m19s,,HYDRA A,56453.6,12218.59,4.087,5.714,400,62,68.5,4.6094,288.895294,40.936464,11.05,3.4,14.1,0.009421,0.017724,1.014,74.43,0.089,76.25,0.063,0.177,0.391,0.501,1.059,0.538,5.315,0.493,0.191,0.442,0.522,1.065,0.564,5.062,0.517,0.505,5.188,
2013d162_13h55m37s,,HYDRA A,56454.58,12218.59,4.087,5.714,400,62,68.5,4.5996,289.080249,40.011689,10.93,-3.55,14.13,0.009395,0.017666,1.014,74.69,0.099,,0.119,bd,0.431,0.504,1.109,0.568,5.034,0.520,bd,,,,,,,,,
2013d162_14h01m26s,,HYDRA A,56454.58,12218.59,4.087,5.714,400,62,68.5,4.5996,289.265204,41.028941,11.33,-2.1,13.87,0.00948,0.017851,1.014,74.6,0.091,,0.085,bd,0.444,0.508,1.119,0.577,4.952,0.529,bd,,,,,,,,,
2013d163_13h51m41s, 2013-06-12,HYDRA A,56455.58,12218.59,4.087,5.714,400,62,68.5,4.6191,291.392187,27.434747,8.63,-3.55,14.13,0.008911,0.016603,1.013,74.17,0.081,75.93,0.074,0.220,0.379,0.543,1.027,0.565,5.054,0.518,bd,0.392,0.532,1.056,0.570,5.016,0.522,0.520,5.035,
2013d163_13h57m27s, 2013-06-12,HYDRA A,56455.58,12218.59,4.087,5.714,400,62,68.5,4.6289,291.577142,26.325017,8.37,-2.11,13.87,0.008857,0.016485,1.013,74.31,0.08,76.17,0.06,bd,0.350,0.533,1.027,0.554,5.156,0.508,bd,,,,,,,,5.156,
2013d164_13h09m04s, 2013-06-13,HYDRA A,56456.55,12218.59,4.087,5.714,400,62,68.5,4.6289,294.074035,16.244969,6,-13.2,18.56,0.008359,0.015394,1.013,75.44,0.114,,0.104,bd,,,,,,,bd,,,,,,,,,
2013d164_13h14m52s, 2013-06-13,HYDRA A,56456.55,12218.59,4.087,5.714,400,62,68.5,4.6289,294.074035,16.614879,6.13,-11.8,17.67,0.008388,0.015456,1.013,75.55,0.073,,0.084,bd,,,,,,,bd,,,,,,,,,
2013d166_13h06m59s, 2013-06-15,HYDRA A,56458.55,12218.59,4.087,5.714,400,62,68.5,4.5996,292.594394,11.436138,3.86,-11.8,17.68,0.007912,0.014427,1.012,77.44,0.092,,0.226,bd,,,,,,,bd,,,,,,,,,
2013d166_13h12m43s, 2013-06-15,HYDRA A,56458.55,12218.59,4.087,5.714,400,62,68.5,4.5996,292.409439,11.806048,3.95,-10.3,16.85,0.007929,0.014464,1.012,77.38,0.093,,0.108,bd,,,,,,,bd,,,,,,,,,
2013d167_13h01m51s, 2013-06-16,HYDRA A,56459.54,12218.59,4.087,5.714,400,62,68.5,4.6289,289.635114,39.919211,11.28,-12.1,17.85,0.009469,0.017824,1.014,74.65,0.071,,0.186,bd,0.450,0.436,1.209,0.535,5.342,0.490,bd,,,,,,,,5.342,
2013d167_13h07m38s, 2013-06-16,HYDRA A,56459.55,12218.59,4.087,5.714,400,62,68.5,4.6289,289.912547,40.104166,11.53,-10.6,17.01,0.00952,0.017935,1.014,74.43,0.102,,0.432,bd,0.450,0.449,1.191,0.543,5.264,0.498,bd,,,,,,,,5.264,
2013d168_13h33m18s, 2013-06-17,HYDRA A,56460.56,12218.59,4.087,5.714,400,62,68.5,4.6094,291.022277,35.017903,10.77,-3.23,14.06,0.009361,0.017582,1.014,74.63,0.082,,0.105,bd,0.452,0.462,1.176,0.551,5.186,0.505,bd,,,,,,,,5.186,
2013d168_13h38m57s, 2013-06-17,HYDRA A,56460.57,12218.59,4.087,5.714,400,62,68.5,4.6094,291.022277,34.463038,10.6,-1.81,13.84,0.009325,0.017504,1.014,74.59,0.088,,0.114,0.133,0.443,0.463,1.140,0.536,5.335,0.491,bd,,,,,,,,5.335,
2013d172_12h42m29s, 2013-06-21,HYDRA A,56464.53,12218.59,4.087,5.714,400,62,68.5,4.6094,292.039529,28.267045,9.24,-12.4,17.81,0.00904,0.016881,1.014,75.11,0.098,76.99,0.086,0.152,0.396,0.539,1.086,0.593,4.814,0.544,bd,0.380,0.547,1.040,0.577,4.952,0.529,0.537,4.883,
2013d172_12h48m08s, 2013-06-21,HYDRA A,56464.53,12218.59,4.087,5.714,400,62,68.5,4.6094,292.594394,28.359522,9.58,-10.9,16.99,0.009113,0.017035,1.014,75.09,0.099,76.96,0.103,0.188,0.411,0.520,1.057,0.557,5.133,0.510,bd,0.427,0.489,1.119,0.555,5.152,0.508,0.509,5.142,
2013d173_12h39m17s, 2013-06-22,HYDRA A,56465.53,12218.59,4.087,5.714,400,62,68.5,4.6094,293.704124,23.365737,8.44,-12.2,17.69,0.008872,0.016507,1.013,75.57,0.081,77.63,0.077,bd,,,,,,,bd,0.424,0.517,1.092,0.572,4.992,0.525,0.262,4.992,
2013d173_12h45m02s, 2013-06-22,HYDRA A,56465.53,12218.59,4.087,5.714,400,62,68.5,4.6094,293.981557,22.810872,8.37,-10.7,16.88,0.008858,0.016477,1.013,75.66,0.09,77.79,0.089,bd,0.385,0.604,1.021,0.625,,,bd,0.398,0.554,1.049,0.588,4.858,0.539,0.270,4.858,
2013d174_12h44m51s, 2013-06-23,HYDRA A,56466.53,12218.59,4.087,5.714,400,62,68.5,4.6094,290.467412,31.873668,9.47,-9.83,16.37,0.00909,0.016995,1.014,74.49,0.08,76.34,0.077,bd,0.450,0.519,1.115,0.587,4.870,0.538,bd,0.458,0.497,1.144,0.576,4.956,0.529,0.533,4.913,
2013d174_12h50m37s, 2013-06-23,HYDRA A,56466.53,12218.59,4.087,5.714,400,62,68.5,4.5996,290.837322,32.705965,9.94,-8.38,15.67,0.009188,0.017207,1.014,74.47,0.089,76.27,0.085,bd,0.445,0.498,1.129,0.570,5.014,0.522,bd,0.437,0.511,1.109,0.574,4.974,0.527,0.525,4.994,
2013d179_12h11m30s, 2013-06-28,HYDRA A,56471.51,12218.59,4.087,5.714,400,62,68.5,4.6094,291.207232,23.828125,7.41,-13.3,18.36,0.008656,0.016048,1.013,74.9,0.09,77.05,0.072,0.173,0.435,0.517,1.080,0.566,5.051,0.519,0.193,0.458,0.524,1.070,0.568,5.029,0.521,0.520,5.040,
2013d179_12h17m12s, 2013-06-28,HYDRA A,56471.51,12218.59,4.087,5.714,400,62,68.5,4.6094,291.207232,23.643169,7.35,-11.8,17.48,0.008644,0.016021,1.013,74.8,0.078,76.72,0.096,bd,0.428,0.500,1.110,0.562,5.084,0.515,bd,0.439,0.541,1.088,0.597,4.789,0.547,0.531,4.937,
2013d180_12h15m12s, 2013-06-29,HYDRA A,56472.51,12218.59,4.087,5.714,400,62,68.5,4.6094,292.501917,45.190429,15.19,-11.3,17.19,0.010289,0.019591,1.016,75.69,0.086,77.74,0.058,0.185,0.483,0.510,1.087,0.563,5.071,0.517,bd,,,,,,,,,
2013d180_12h20m58s, 2013-06-29,HYDRA A,56472.51,12218.59,4.087,5.714,400,62,68.5,4.6094,291.854574,46.577592,15.06,-9.91,16.41,0.010262,0.019537,1.016,75.61,0.086,77.82,0.064,0.177,0.467,0.492,1.089,0.544,5.251,0.499,bd,,,,,,,,,
2013d181_12h05m44s, 2013-06-30,HYDRA A,56473.5,12218.59,4.087,5.714,400,62,68.5,4.6289,294.536422,35.665246,13.53,-12.7,18.02,0.009941,0.01882,1.015,78.93,0.086,78.55,0.091,bd,,,,,,,0.186,0.461,0.530,1.077,0.579,4.931,0.531,0.266,4.931,
2013d181_12h11m28s, 2013-06-30,HYDRA A,56473.51,12218.59,4.087,5.714,400,62,68.5,4.6289,294.721377,35.295336,13.53,-11.3,17.16,0.009942,0.018821,1.015,78.77,0.106,78.56,0.075,bd,,,,,,,bd,0.470,0.524,1.131,0.602,4.746,0.552,0.276,4.746,
2013d182_12h02m55s, 2013-07-01,HYDRA A,56474.5,12218.59,4.087,5.714,400,62,68.5,4.6094,294.721377,22.718394,8.71,-12.4,17.84,0.008929,0.016627,1.014,75.59,0.106,77.49,0.094,bd,0.507,0.485,1.217,0.598,4.778,0.548,bd,0.477,0.501,1.161,0.590,4.846,0.541,0.544,4.812,
2013d182_12h08m43s, 2013-07-01,HYDRA A,56474.5,12218.59,4.087,5.714,400,62,68.5,4.6094,294.906332,23.828125,9.24,-11,17,0.00904,0.016866,1.014,75.6,0.078,77.49,0.064,bd,0.424,0.500,1.106,0.561,5.093,0.514,bd,,,,,,,0.257,5.093,
2013d184_11h52m47s, 2013-07-03,HYDRA A,56476.49,12218.59,4.087,5.714,400,62,68.5,4.6094,294.074035,22.903349,8.45,-13,18.2,0.008875,0.016513,1.013,75.63,0.101,77.53,0.084,bd,,,,,,,bd,,,,,,,,,
2013d184_11h58m30s, 2013-07-03,HYDRA A,56476.5,12218.59,4.087,5.714,400,62,68.5,4.6094,294.074035,22.348484,8.25,-11.6,17.34,0.008832,0.016419,1.013,75.69,0.082,77.73,0.062,bd,0.495,0.467,1.226,0.580,4.929,0.531,bd,,,,,,,0.266,4.929,
2013d185_11h49m20s, 2013-07-04,HYDRA A,56477.49,12218.59,4.087,5.714,400,62,68.5,4.6094,292.779349,29.284298,10.01,-12.9,18.11,0.009201,0.017227,1.014,75.51,0.074,77.39,0.074,0.173,0.435,0.514,1.080,0.562,5.080,0.516,0.181,0.445,0.548,1.075,0.598,4.781,0.548,0.532,4.930,
2013d185_11h55m03s, 2013-07-04,HYDRA A,56477.5,12218.59,4.087,5.714,400,62,68.5,4.6094,293.426692,28.82191,10.24,-11.4,17.26,0.00925,0.017328,1.014,75.48,0.072,77.53,0.059,0.182,0.435,0.524,1.071,0.569,5.019,0.522,0.187,0.435,0.543,1.067,0.588,4.862,0.539,0.530,4.941,
2013d186_11h42m59s, 2013-07-05,HYDRA A,56478.49,12218.59,4.087,5.714,400,62,68.5,4.6191,288.247951,57.39746,14.89,-13.5,18.49,0.010228,0.019486,1.016,76.21,0.079,78.22,0.075,bd,,,,,,,bd,,,,,,,,,
2013d186_11h48m45s, 2013-07-05,HYDRA A,56478.49,12218.59,4.087,5.714,400,62,68.5,4.6191,288.155474,57.39746,14.81,-12,17.61,0.01021,0.019448,1.016,76.1,0.073,78.23,0.072,bd,,,,,,,bd,,,,,,,,,
2013d187_11h39m52s, 2013-07-06,HYDRA A,56479.48,12218.59,4.087,5.714,400,62,68.5,4.6191,286.768311,73.488547,17.4,-13.3,18.36,0.010753,0.020642,1.017,76.34,0.075,78.5,0.056,bd,,,,,,,bd,,,,,,,,,
2013d187_11h45m36s, 2013-07-06,HYDRA A,56479.49,12218.59,4.087,5.714,400,62,68.5,4.6191,286.768311,73.488547,17.4,-11.8,17.49,0.010753,0.020642,1.017,76.17,0.09,78.19,0.07,0.149,0.539,0.478,1.161,0.564,5.069,0.517,bd,,,,,,,0.258,5.069,
2013d188_11h38m36s, 2013-07-07,HYDRA A,56480.48,12218.59,4.087,5.714,400,62,68.5,4.6094,292.686872,45.560339,15.48,-12.6,17.95,0.010351,0.019724,1.016,78.86,0.164,78.71,0.078,bd,,,,,,,bd,0.449,0.536,1.101,0.600,4.765,0.550,0.275,4.765,
2013d188_11h44m21s, 2013-07-07,HYDRA A,56480.49,12218.59,4.087,5.714,400,62,68.5,4.6094,292.686872,46.577592,15.83,-11.2,17.11,0.010424,0.019882,1.016,78.7,0.157,78.49,0.08,bd,,,,,,,0.138,0.430,0.570,1.124,0.651,,,,,
2013d189_11h33m36s, 2013-07-08,HYDRA A,56481.48,12218.59,4.087,5.714,400,62,68.5,4.6094,293.334214,46.947502,16.58,-12.9,18.11,0.010582,0.02022,1.016,76.57,0.066,78.55,0.073,0.225,0.404,0.526,1.031,0.551,5.181,0.506,0.260,0.378,0.546,1.013,0.563,5.079,0.516,0.511,5.130,
2013d189_11h39m22s, 2013-07-08,HYDRA A,56481.48,12218.59,4.087,5.714,400,62,68.5,4.6094,293.426692,46.392637,16.48,-11.4,17.26,0.01056,0.020171,1.016,76.49,0.08,78.59,0.064,0.220,0.385,0.502,1.029,0.524,5.448,0.481,0.247,0.388,0.558,1.019,0.578,4.942,0.530,0.505,5.195,
2013d192_11h29m15s, 2013-07-11,HYDRA A,56484.48,12218.59,4.087,5.714,400,62,68.5,4.6289,287.970519,42.601059,10.87,-11,17.02,0.009382,0.017642,1.014,75.47,0.08,77.32,0.062,bd,0.475,0.477,1.187,0.574,4.980,0.526,bd,0.500,0.471,1.227,0.586,4.878,0.537,0.531,4.929,
2013d192_11h35m01s, 2013-07-11,HYDRA A,56484.48,12218.59,4.087,5.714,400,62,68.5,4.6289,288.802817,43.525834,11.69,-9.61,16.26,0.009554,0.018015,1.014,75.5,0.104,77.62,0.067,bd,0.430,0.469,1.142,0.544,5.257,0.498,bd,0.433,0.501,1.114,0.566,5.047,0.519,0.509,5.152,
2013d194_11h11m09s, 2013-07-13,HYDRA A,56486.46,12218.59,4.087,5.714,400,62,68.5,4.6289,290.652367,34.278083,10.3,-13.6,18.55,0.009264,0.017373,1.014,75.16,0.074,76.9,0.057,bd,,,,,,,bd,,,,,,,,,
2013d194_11h16m55s, 2013-07-13,HYDRA A,56486.47,12218.59,4.087,5.714,400,62,68.5,4.6289,290.652367,33.63074,10.11,-12.1,17.66,0.009223,0.017284,1.014,75.21,0.094,77,0.074,0.187,0.428,0.494,1.064,0.533,5.360,0.489,bd,,,,,,,0.244,5.360,
2013d195_11h11m40s, 2013-07-14,HYDRA A,56487.47,12218.59,4.087,5.714,400,62,68.5,4.6094,290.929799,25.49272,7.79,-12.4,17.86,0.008737,0.016225,1.013,74.98,0.074,77.26,0.082,0.200,0.420,0.496,1.051,0.528,5.406,0.485,bd,,,,,,,0.242,5.406,
2013d195_11h17m20s, 2013-07-14,HYDRA A,56487.47,12218.59,4.087,5.714,400,62,68.5,4.6094,291.392187,24.7529,7.78,-11,17.04,0.008734,0.016218,1.013,75.01,0.083,76.78,0.073,0.173,0.397,0.524,1.064,0.564,5.062,0.517,bd,,,,,,,0.259,5.062,
2013d196_11h05m06s, 2013-07-15,HYDRA A,56488.46,12218.59,4.087,5.714,400,62,68.5,4.6094,290.189979,35.017903,10.24,-13.1,18.27,0.009249,0.017344,1.014,74.75,0.078,76.57,0.062,0.157,0.444,0.480,1.102,0.537,5.325,0.492,bd,0.457,0.453,1.194,0.549,5.208,0.503,0.497,5.266,
2013d196_11h10m50s, 2013-07-15,HYDRA A,56488.46,12218.59,4.087,5.714,400,62,68.5,4.6094,290.005024,34.925426,10.09,-11.7,17.4,0.00922,0.01728,1.014,74.8,0.074,76.88,0.068,0.137,0.444,0.484,1.132,0.556,5.142,0.509,0.154,0.442,0.493,1.106,0.553,5.170,0.507,0.508,5.156,
2013d197_11h12m20s, 2013-07-16,HYDRA A,56489.47,12218.59,4.087,5.714,400,62,68.5,4.6094,292.039529,30.394028,9.94,-10.3,16.65,0.009186,0.017198,1.014,75.09,0.088,76.87,0.095,0.224,0.299,0.508,1.008,0.519,5.502,0.476,bd,,,,,,,0.238,5.502,
2013d197_11h18m30s, 2013-07-16,HYDRA A,56489.47,12218.59,4.087,5.714,400,62,68.5,4.6094,292.316962,30.486505,10.13,-8.81,15.87,0.009228,0.017287,1.014,75.38,0.07,77.5,0.057,bd,0.345,0.534,1.024,0.555,5.151,0.508,bd,0.353,0.543,1.025,0.565,5.060,0.518,0.513,5.105,
2013d199_11h00m31s, 2013-07-18,HYDRA A,56491.46,12218.59,4.087,5.714,400,62,68.5,4.6289,288.987772,49.166962,13.35,-11.3,17.19,0.009904,0.018776,1.015,76.14,0.099,77.88,0.098,bd,,,,,,,bd,,,,,,,,,
2013d199_11h06m16s, 2013-07-18,HYDRA A,56491.46,12218.59,4.087,5.714,400,62,68.5,4.6289,288.617862,47.779799,12.68,-9.9,16.41,0.009764,0.018472,1.015,75.76,0.075,77.65,0.051,bd,0.465,0.448,1.212,0.551,5.188,0.505,bd,,,,,,,0.252,5.188,
2013d200_11h04m55s, 2013-07-19,HYDRA A,56492.46,12218.59,4.087,5.714,400,62,68.5,4.6289,289.172727,43.988221,12.08,-9.25,16.08,0.009637,0.018194,1.015,74.69,0.088,76.66,0.074,bd,0.427,0.474,1.133,0.545,5.240,0.500,bd,0.486,0.521,1.151,0.608,4.698,0.558,0.529,4.969,
2013d200_11h10m40s, 2013-07-19,HYDRA A,56492.46,12218.59,4.087,5.714,400,62,68.5,4.6289,289.265204,42.323626,11.69,-7.82,15.42,0.009555,0.018014,1.014,74.9,0.085,76.65,0.064,bd,0.485,0.491,1.182,0.588,4.855,0.539,bd,0.449,0.566,1.080,0.620,4.608,0.568,0.554,4.732,
2013d201_10h52m59s, 2013-07-20,HYDRA A,56493.45,12218.59,4.087,5.714,400,62,68.5,4.6289,290.559889,21.238754,6.35,-11.2,17.15,0.008433,0.015566,1.013,74.96,0.09,76.83,0.079,bd,,,,,,,bd,,,,,,,,,
2013d201_10h58m42s, 2013-07-20,HYDRA A,56493.46,12218.59,4.087,5.714,400,62,68.5,4.6289,290.837322,18.741862,5.7,-9.83,16.37,0.008297,0.015267,1.012,75.07,0.095,76.91,0.097,bd,,,,,,,bd,,,,,,,,,
2013d202_10h40m53s, 2013-07-21,HYDRA A,56494.44,12218.59,4.087,5.714,400,62,68.5,4.6191,289.820069,24.937855,7.13,-13.3,18.37,0.008597,0.015924,1.013,74.76,0.098,76.57,0.091,bd,,,,,,,bd,,,,,,,,,
2013d202_10h46m38s, 2013-07-21,HYDRA A,56494.45,12218.59,4.087,5.714,400,62,68.5,4.6191,290.005024,24.38299,7.05,-11.8,17.5,0.00858,0.015887,1.013,74.86,0.092,76.73,0.071,bd,,,,,,,bd,,,,,,,,,
2013d203_10h41m33s, 2013-07-22,HYDRA A,56495.44,12218.59,4.087,5.714,400,62,68.5,4.6289,287.508131,47.87227,11.87,-12.1,17.66,0.009592,0.018103,1.015,75.49,0.076,77.48,0.07,0.146,0.412,0.509,1.182,0.610,4.683,0.559,bd,0.451,0.451,1.189,0.545,5.247,0.499,0.529,4.965,
2013d203_10h47m19s, 2013-07-22,HYDRA A,56495.45,12218.59,4.087,5.714,400,62,68.5,4.6289,287.878041,46.76254,11.86,-10.7,16.84,0.009591,0.018098,1.015,75.52,0.074,77.58,0.074,0.169,0.431,0.488,1.182,0.585,4.885,0.536,bd,0.478,0.546,1.120,0.621,4.601,0.569,0.553,4.743,
2013d207_10h22m27s, 2013-07-26,HYDRA A,56499.43,12218.59,4.087,5.714,400,62,68.5,4.6094,293.056782,24.7529,8.6,-13,18.18,0.008906,0.016584,1.014,75.63,0.091,77.51,0.084,bd,0.380,0.500,1.065,0.539,5.298,0.494,bd,0.366,0.531,1.038,0.558,5.118,0.512,0.503,5.208,
2013d207_10h28m38s, 2013-07-26,HYDRA A,56499.44,12218.59,4.087,5.714,400,62,68.5,4.6094,293.334214,25.03033,8.84,-11.4,17.25,0.008957,0.016693,1.014,75.76,0.11,77.69,0.097,0.230,0.351,0.546,1.016,0.563,5.076,0.516,0.264,0.406,0.551,1.017,0.567,5.036,0.520,0.518,5.056,
2013d208_10h17m45s, 2013-07-27,HYDRA A,56500.43,12218.59,4.087,5.714,400,62,68.5,4.6094,294.351467,20.68388,7.76,-13.2,18.3,0.00873,0.016196,1.013,75.44,0.081,77.28,0.07,bd,0.388,0.557,1.040,0.587,4.864,0.538,bd,,,,,,,0.269,4.864,
2013d208_10h23m26s, 2013-07-27,HYDRA A,56500.43,12218.59,4.087,5.714,400,62,68.5,4.6094,294.25899,20.40645,7.61,-11.7,17.43,0.008699,0.01613,1.013,75.44,0.068,77.37,0.095,bd,,,,,,,bd,,,,,,,,,
2013d209_10h17m05s, 2013-07-28,HYDRA A,56501.43,12218.59,4.087,5.714,400,62,68.5,4.6094,295.091287,16.61487,6.51,-12.3,17.8,0.008467,0.015625,1.013,75.8,0.107,78.02,0.124,bd,,,,,,,bd,,,,,,,,,
2013d209_10h22m45s, 2013-07-28,HYDRA A,56501.43,12218.59,4.087,5.714,400,62,68.5,4.6094,295.091287,16.70735,6.55,-10.9,16.98,0.008475,0.015642,1.013,75.89,0.074,77.96,0.079,bd,,,,,,,bd,,,,,,,,,
2013d210_10h07m51s, 2013-07-29,HYDRA A,56502.42,12218.59,4.087,5.714,400,62,68.5,4.6191,289.265204,8.939246,2.47,-13.7,18.62,0.007619,0.013794,1.011,74.88,0.119,76.87,0.113,bd,,,,,,,bd,,,,,,,,,
2013d210_10h13m35s, 2013-07-29,HYDRA A,56502.42,12218.59,4.087,5.714,400,62,68.5,4.6191,289.080249,11.52861,3.15,-12.2,17.73,0.007761,0.014105,1.012,74.95,0.139,76.82,0.093,bd,0.459,0.470,1.175,0.558,5.116,0.512,bd,0.472,0.497,1.160,0.583,4.898,0.535,0.523,5.007,
2013d211_10h14m14s, 2013-07-30,HYDRA A,56503.43,12218.59,4.087,5.714,400,62,68.5,4.6191,287.415654,58.96957,14.53,-11.1,17.07,0.010152,0.019326,1.016,75.76,0.086,77.63,0.088,0.162,0.434,0.510,1.091,0.565,5.055,0.518,bd,0.446,0.537,1.097,0.599,4.772,0.549,0.534,4.913,
2013d211_10h19m59s, 2013-07-30,HYDRA A,56503.43,12218.59,4.087,5.714,400,62,68.5,4.6191,287.600609,56.93507,14.19,-9.71,16.31,0.010081,0.019169,1.015,75.8,0.07,77.78,0.056,bd,0.402,0.453,1.126,0.518,5.515,0.475,bd,0.439,0.523,1.102,0.585,4.883,0.536,0.506,5.199,
2013d213_10h02m54s, 2013-08-01,HYDRA A,56505.42,12218.59,4.087,5.714,400,62,68.5,4.6289,288.155474,41.76876,10.78,-11.9,17.56,0.009363,0.017601,1.014,75.58,0.086,77.4,0.074,bd,0.396,0.495,1.083,0.544,5.252,0.499,bd,0.415,0.540,1.069,0.585,4.884,0.536,0.518,5.068,
2013d213_10h08m37s, 2013-08-01,HYDRA A,56505.42,12218.59,4.087,5.714,400,62,68.5,4.6289,288.340429,43.43335,11.33,-10.5,16.75,0.00948,0.017855,1.014,75.66,0.084,77.44,0.081,0.188,0.436,0.427,1.066,0.462,,,0.195,0.431,0.532,1.058,0.572,4.999,0.524,0.262,4.999,
2013d214_10h03m57s, 2013-08-02,HYDRA A,56506.42,12218.59,4.087,5.714,400,62,68.5,4.6191,287.970519,48.70457,12.42,-10.7,16.87,0.009709,0.018356,1.015,75.68,0.069,77.6,0.046,bd,0.414,0.457,1.136,0.527,5.422,0.483,bd,0.434,0.512,1.106,0.575,4.970,0.527,0.505,5.196,
2013d214_10h09m39s, 2013-08-02,HYDRA A,56506.42,12218.59,4.087,5.714,400,62,68.5,4.6191,288.525384,46.85502,12.37,-9.31,16.11,0.009697,0.018328,1.015,75.7,0.085,77.53,0.079,bd,,,,,,,0.194,0.515,1.106,1.089,1.222,,,,,
2013d215_09h57m03s, 2013-08-03,HYDRA A,56507.41,12218.59,4.087,5.714,400,62,68.5,4.6289,287.785564,47.13245,11.89,-11.4,17.27,0.009596,0.01811,1.015,75.63,0.061,77.41,0.084,0.162,0.415,0.502,1.083,0.551,5.181,0.506,0.152,0.396,0.494,1.086,0.544,5.248,0.499,0.502,5.214,
2013d215_10h02m47s, 2013-08-03,HYDRA A,56507.42,12218.59,4.087,5.714,400,62,68.5,4.6289,287.878041,47.40988,12.02,-10,16.49,0.009625,0.018173,1.015,75.58,0.077,77.46,0.071,bd,0.404,0.505,1.083,0.555,5.148,0.509,bd,0.430,0.514,1.100,0.573,4.982,0.526,0.517,5.065,
2013d216_09h52m24s, 2013-08-04,HYDRA A,56508.41,12218.59,4.087,5.714,400,62,68.5,4.6289,288.155474,44.82051,11.56,-11.6,17.38,0.009528,0.017961,1.015,75.88,0.074,77.74,0.071,bd,0.410,0.493,1.098,0.549,5.201,0.504,bd,0.479,0.519,1.145,0.603,4.735,0.553,0.528,4.968,
2013d216_09h58m09s, 2013-08-04,HYDRA A,56508.41,12218.59,4.087,5.714,400,62,68.5,4.6289,287.878041,44.26565,11.23,-10.2,16.58,0.009458,0.017808,1.014,75.85,0.102,77.75,0.079,bd,0.468,0.497,1.155,0.583,4.901,0.534,bd,0.439,0.512,1.111,0.577,4.949,0.529,0.532,4.925,
2013d217_10h55m53s, 2013-08-05,HYDRA A,56509.45,12218.59,4.087,5.714,400,62,68.5,4.6289,290.744844,28.17456,8.52,5.23,14.71,0.008889,0.016556,1.013,75.48,0.073,77.26,0.087,bd,,,,,,,bd,,,,,,,,,
2013d217_11h01m33s, 2013-08-05,HYDRA A,56509.46,12218.59,4.087,5.714,400,62,68.5,4.6289,290.837322,29.19182,8.87,6.65,15.24,0.008964,0.016719,1.013,75.59,0.065,77.46,0.066,0.204,0.373,0.525,1.034,0.550,5.198,0.504,0.206,0.379,0.547,1.034,0.574,4.981,0.526,0.515,5.089,
2013d219_09h32m37s, 2013-08-07,HYDRA A,56511.4,12218.59,4.087,5.714,400,62,68.5,4.6191,289.820069,38.80948,11.09,-13.6,18.59,0.009429,0.017737,1.014,75.74,0.073,77.46,0.081,0.202,0.456,0.462,1.062,0.497,5.745,0.456,bd,0.454,0.508,1.129,0.582,4.909,0.534,0.495,5.327,
2013d219_09h38m24s, 2013-08-07,HYDRA A,56511.4,12218.59,4.087,5.714,400,62,68.5,4.6191,289.727592,37.0524,10.53,-12.2,17.7,0.009311,0.01748,1.014,75.77,0.096,77.52,0.075,bd,0.468,0.486,1.168,0.576,4.963,0.528,bd,0.503,0.492,1.203,0.601,4.757,0.551,0.539,4.860,
2013d220_09h47m52s, 2013-08-08,HYDRA A,56512.41,12218.59,4.087,5.714,400,62,68.5,4.6289,292.871827,30.57898,10.51,-8.86,15.9,0.009306,0.017454,1.014,75.78,0.08,77.6,0.055,bd,,,,,,,bd,,,,,,,,,
2013d220_09h53m37s, 2013-08-08,HYDRA A,56512.41,12218.59,4.087,5.714,400,62,68.5,4.6289,293.056782,31.04137,10.78,-7.42,15.25,0.009365,0.01758,1.014,75.96,0.082,77.8,0.086,bd,,,,,,,bd,,,,,,,,,
2013d222_09h44m49s, 2013-08-10,HYDRA A,56514.4,12218.59,4.087,5.714,400,62,68.5,4.6289,288.155474,54.90056,14.16,-7.66,15.36,0.010075,0.019153,1.015,75.41,0.081,77.33,0.061,0.251,0.383,0.534,1.016,0.551,5.186,0.505,0.258,0.400,0.557,1.017,0.576,4.962,0.528,0.517,5.074,
2013d222_09h50m33s, 2013-08-10,HYDRA A,56514.41,12218.59,4.087,5.714,400,62,68.5,4.6289,287.970519,53.97579,13.77,-6.22,14.8,0.009991,0.018972,1.015,75.45,0.075,77.18,0.073,bd,0.400,0.511,1.075,0.558,5.124,0.511,bd,0.411,0.564,1.053,0.602,4.743,0.552,0.532,4.934,
2013d223_09h27m10s, 2013-08-11,HYDRA A,56515.39,12218.59,4.087,5.714,400,62,68.5,4.6289,287.785564,57.12002,14.4,-11.1,17.05,0.010125,0.019264,1.015,76.12,0.084,78.03,0.08,bd,,,,,,,bd,,,,,,,,,
2013d223_09h33m01s, 2013-08-11,HYDRA A,56515.4,12218.59,4.087,5.714,400,62,68.5,4.6289,287.693086,57.30498,14.37,-9.65,16.28,0.010117,0.019248,1.015,76,0.084,77.93,0.095,bd,,,,,,,bd,,,,,,,,,
2013d227_09h50m35s, 2013-08-15,HYDRA A,56519.41,12218.59,4.087,5.714,400,62,68.5,4.5996,291.022277,25.9551,7.98,-1.28,13.76,0.008776,0.016309,1.013,74.83,0.077,76.69,0.065,bd,0.389,0.529,1.055,0.565,5.054,0.518,bd,0.404,0.561,1.049,0.596,4.794,0.546,0.532,4.924,
2013d231_08h50m44s, 2013-08-19,HYDRA A,56523.37,12218.59,4.087,5.714,400,62,68.5,4.6191,287.693086,15.78258,3.96,-12.3,17.77,0.007931,0.014477,1.012,74.47,0.074,76.35,0.062,bd,0.384,0.508,1.064,0.547,5.223,0.502,bd,0.415,0.430,1.169,0.508,,,0.251,5.223,
2013d231_08h56m34s, 2013-08-19,HYDRA A,56523.37,12218.59,4.087,5.714,400,62,68.5,4.6289,287.970519,17.44717,4.45,-10.9,16.95,0.008035,0.014703,1.012,74.49,0.088,76.49,0.053,bd,0.416,0.524,1.080,0.573,4.988,0.525,bd,,,,,,,0.263,4.988,
2013d236_08h30m35s, 2013-08-24,HYDRA A,56528.35,12218.59,4.087,5.714,400,62,68.5,4.6191,287.138221,76.07791,18.43,-12.4,17.85,0.01097,0.021113,1.017,76.73,0.092,78.53,0.097,bd,0.468,0.457,1.204,0.559,5.110,0.513,bd,,,,,,,0.256,5.110,
2013d236_08h36m20s, 2013-08-24,HYDRA A,56528.36,12218.59,4.087,5.714,400,62,68.5,4.6191,286.953266,76.17039,18.24,-11,17.01,0.010931,0.021028,1.017,76.55,0.074,78.45,0.067,bd,0.482,0.456,1.224,0.568,5.029,0.521,bd,0.504,0.488,1.209,0.600,4.759,0.550,0.536,4.894,
2013d237_08h31m08s, 2013-08-25,HYDRA A,56529.35,12218.59,4.087,5.714,400,62,68.5,4.6094,292.316962,47.03997,15.63,-11.3,17.19,0.010383,0.019797,1.016,78.44,0.08,,0.057,bd,0.405,0.747,1.002,0.761,,,bd,,,,,,,,,
2013d237_08h36m50s, 2013-08-25,HYDRA A,56529.36,12218.59,4.087,5.714,400,62,68.5,4.6094,292.871827,46.20768,15.88,-9.91,16.41,0.010434,0.019903,1.016,78.57,0.072,,0.073,bd,,,,,,,bd,,,,,,,,,
2013d238_08h54m44s, 2013-08-26,HYDRA A,56530.37,12218.59,4.087,5.714,400,62,68.5,4.6289,290.005024,65.72043,18.99,-4.44,14.26,0.011089,0.02135,1.017,75.66,0.068,77.14,0.078,bd,0.427,0.493,1.115,0.559,5.110,0.513,bd,,,,,,,0.256,5.110,
2013d238_09h00m28s, 2013-08-26,HYDRA A,56530.37,12218.59,4.087,5.714,400,62,68.5,4.6289,290.282457,64.33327,18.91,-3,13.96,0.011071,0.021309,1.017,75.55,0.085,77.2,0.076,bd,0.423,0.501,1.104,0.562,5.084,0.515,bd,,,,,,,0.258,5.084,
2013d240_08h16m21s, 2013-08-28,HYDRA A,56532.34,12218.59,4.087,5.714,400,62,68.5,4.6094,292.594394,33.44578,11.3,-12,17.62,0.009474,0.017819,1.014,74.94,0.07,76.4,0.086,0.268,0.293,0.504,1.001,0.512,5.579,0.470,bd,,,,,,,0.235,5.579,
2013d240_08h22m07s, 2013-08-28,HYDRA A,56532.35,12218.59,4.087,5.714,400,62,68.5,4.6094,292.686872,33.53826,11.4,-10.6,16.81,0.009493,0.017861,1.014,75.01,0.095,76.67,0.057,0.253,0.284,0.478,1.001,0.486,,,0.276,0.296,0.524,1.000,0.532,5.370,0.488,0.244,5.370,
2013d241_08h08m02s, 2013-08-29,HYDRA A,56533.34,12218.59,4.087,5.714,400,62,68.5,4.6094,292.132007,25.49272,8.38,-13.1,18.29,0.00886,0.016488,1.013,74.38,0.078,76.11,0.066,bd,0.367,0.483,1.065,0.522,5.477,0.478,bd,0.392,0.499,1.076,0.545,5.245,0.499,0.489,5.361,
2013d241_08h13m49s, 2013-08-29,HYDRA A,56533.34,12218.59,4.087,5.714,400,62,68.5,4.6094,292.224484,24.84537,8.21,-11.7,17.42,0.008825,0.016411,1.013,74.46,0.072,76.59,0.053,bd,,,,,,,bd,,,,,,,,,
2013d242_08h08m08s, 2013-08-30,HYDRA A,56534.34,12218.59,4.087,5.714,400,62,68.5,4.6094,294.166512,26.04758,9.67,-12.1,17.68,0.00913,0.017064,1.014,75.15,0.1,77.29,0.077,bd,,,,,,,bd,,,,,,,,,
2013d242_08h13m52s, 2013-08-30,HYDRA A,56534.34,12218.59,4.087,5.714,400,62,68.5,4.6094,293.981557,26.14006,9.59,-10.7,16.86,0.009115,0.017033,1.014,75.21,0.081,77.03,0.086,bd,,,,,,,bd,,,,,,,,,
2013d243_08h07m53s, 2013-08-31,HYDRA A,56535.34,12218.59,4.087,5.714,400,62,68.5,4.6094,280.202408,27.43474,4.27,-11.2,17.14,0.007997,0.01463,1.012,74.07,0.133,75.8,0.093,bd,,,,,,,bd,,,,,,,,,
2013d243_08h13m37s, 2013-08-31,HYDRA A,56535.34,12218.59,4.087,5.714,400,62,68.5,4.5996,280.479841,28.26704,4.48,-9.82,16.37,0.008041,0.014726,1.012,74.21,0.089,75.85,0.082,bd,,,,,,,bd,,,,,,,,,
2013d244_08h01m27s, 2013-09-01,HYDRA A,56536.33,12218.59,4.087,5.714,400,62,68.5,4.6094,284.456374,23.0883,4.73,-11.8,17.5,0.008092,0.014835,1.012,73.37,0.077,,0.069,bd,0.320,0.529,1.013,0.543,5.262,0.498,bd,,,,,,,0.249,5.262,
2013d244_08h07m11s, 2013-09-01,HYDRA A,56536.34,12218.59,4.087,5.714,400,62,68.5,4.6094,284.086464,22.256,4.45,-10.4,16.7,0.008034,0.014709,1.012,73.43,0.081,,0.064,bd,,,,,,,bd,,,,,,,,,
2013d245_07h50m05s, 2013-09-02,HYDRA A,56537.33,12218.59,4.087,5.714,400,62,68.5,4.6094,287.323176,18.09451,4.43,-13.7,18.64,0.008031,0.014697,1.012,73.68,0.068,,0.064,bd,0.284,0.468,1.014,0.480,,,bd,,,,,,,,,
2013d245_07h55m47s, 2013-09-02,HYDRA A,56537.33,12218.59,4.087,5.714,400,62,68.5,4.6094,287.508131,18.27947,4.53,-12.3,17.76,0.008052,0.014741,1.012,73.62,0.077,,0.056,bd,0.301,0.507,1.011,0.519,5.507,0.476,bd,,,,,,,0.238,5.507,
2013d248_08h17m57s, 2013-09-05,HYDRA A,56540.34,12218.59,4.087,5.714,400,62,68.5,4.6094,292.224484,40.01168,13.23,-3.81,14.11,0.009877,0.018698,1.015,75.32,0.075,77.24,0.085,bd,,,,,,,bd,,,,,,,,,
2013d248_08h23m43s, 2013-09-05,HYDRA A,56540.35,12218.59,4.087,5.714,400,62,68.5,4.6094,292.039529,38.90195,12.72,-2.36,13.86,0.00977,0.018467,1.015,75.55,0.073,77.33,0.097,bd,,,,,,,bd,,,,,,,,,
2013d250_07h40m11s, 2013-09-07,HYDRA A,56542.32,12218.59,4.087,5.714,400,62,68.5,4.6094,292.779349,33.53826,11.46,-11.3,17.17,0.009507,0.01789,1.014,75.28,0.059,77.09,0.078,bd,0.338,0.519,1.026,0.539,5.296,0.495,bd,0.347,0.496,1.042,0.524,5.457,0.480,0.487,5.376,
2013d250_07h45m56s, 2013-09-07,HYDRA A,56542.32,12218.59,4.087,5.714,400,62,68.5,4.6094,292.224484,33.90817,11.21,-9.85,16.39,0.009454,0.017778,1.014,75.45,0.07,77.29,0.068,bd,0.344,0.482,1.047,0.512,5.579,0.469,bd,0.349,0.486,1.048,0.517,5.523,0.474,0.472,5.551,
2013d251_07h36m12s, 2013-09-08,HYDRA A,56543.32,12218.59,4.087,5.714,400,62,68.5,4.6094,293.241737,23.27325,8.17,-11.3,17.18,0.008817,0.01639,1.013,75.34,0.071,77.15,0.062,bd,,,,,,,bd,,,,,,,,,
2013d251_07h41m58s, 2013-09-08,HYDRA A,56543.32,12218.59,4.087,5.714,400,62,68.5,4.6094,293.519169,23.18078,8.28,-9.88,16.4,0.008838,0.016435,1.013,75.31,0.067,77.23,0.074,bd,,,,,,,bd,,,,,,,,,
