YMD,Date,MJD,Source,Centre Freq,log freq,Flux density,Subref. Focus,Hour Angle (2nd scan),Zenith Angle,sec Z,X(Z),Dry Atmos,Tamb,Rel. Humidity,PWV est,8.4GHz Zenith Tau @ 1400m,absorption at ZA,Radiometer,TND lcp,TND rcp,Tsys1 lcp,dTsys lcp,Tsys2 rcp,dTsys rcp,Ta N lcp,Ta S lcp,Ta On lcp,Pointing Corr,Ta On lcp cor,PSS B lcp,Ap Eff B lcp,Ta N lcp,Ta S lcp,Ta On lcp,Point corr,Ta On lcp cor,PSS A lcp,Ap Eff A lcp,Ta N rcp,Ta S rcp,Ta On rcp,Point Corr,Ta On rcp cor,PSS B rcp,Ap Eff B rcp,Ta N rcp,Ta S rcp,Ta On rcp,Point corr,Ta On rcp cor,PSS A rcp,Ap Eff A rcp
2012d279_05h45m02s,,56205,Hydra A,8280,3.918,8.177,4.589844,-12.619,18.169,1,0.999,1.00823,292,38.35,12.53,0.008356,1.00839,Dicke Switc,17.1,17,52.2,,58.01,,-0.337,-0.255,-0.595,1.007,0.599,6.823,0.384,0.346,0.264,0.604,1.007,0.608,6.727,0.389,-0.323,-0.28,-0.634,1.002,0.636,,,0.405,0.261,0.573,1.018,0.583,7.014,0.373
2012d280_05h53m10s,,56206,Hydra A,8280,3.918,8.177,4.589844,-9.597,16.448,1,0.999,1.00823,292.9,61.1,20.99,0.009879,1.00992,Dicke Switc,17.1,17,52.44,,58.41,,-0.366,-0.233,-0.591,1.019,0.601,6.797,0.385,0.371,0.252,0.614,1.014,0.622,6.571,0.399,-0.337,bad,-0.533,1.02,0.544,,,0.427,bad,0.637,1.031,0.657,,
2012d281_05h35m55s,,56207,Hydra A,8280,3.918,8.177,4.589844,-12.943,18.37,1,0.999,1.00823,293.4,38.07,13.52,0.008534,1.00856,Dicke Switc,17.1,17,52.18,,58.25,,-0.387,-0.197,-0.569,1.042,0.593,6.9,0.38,0.397,0.224,0.589,1.03,0.607,6.736,0.389,-0.423,-0.24,-0.57,1.029,0.587,6.965,0.376,0.372,0.199,0.547,1.036,0.567,,
2012d282_05h46m20s,,56208,Hydra A,8280,3.918,8.177,4.609375,-9.346,16.319,1,0.999,1.00823,293.3,42.23,14.92,0.008785,1.00882,Dicke Switc,17.1,17,52.23,,57.58,,-0.406,-0.219,-0.578,1.035,0.598,6.837,0.383,0.403,0.205,0.588,1.042,0.613,6.67,0.393,-0.408,BAD,-0.581,1.042,0.605,,,0.38,0.187,0.577,1.046,0.604,6.766,0.387
2012d283_05h32m00s,,56209,Hydra A,8280,3.918,8.177,4.609375,-11.985,17.783,1,0.999,1.00823,289.1,80.42,21.97,0.010054,1.0101,Dicke Switc,17.1,17,52.93,,58.66,,-0.326,-0.263,-0.578,1.004,0.58,7.046,0.372,0.339,0.268,0.596,1.005,0.599,6.828,0.384,-0.336,-0.263,-0.582,1.005,0.585,6.987,0.375,0.33,0.262,0.545,1.005,0.548,,
2012d284_05h25m30s,,56210,Hydra A,8280,3.918,8.177,4.628906,-12.586,18.148,1,0.999,1.00823,290.1,78.57,22.84,0.010211,1.01026,Dicke Switc,17.1,17,,,,,-0.331,-0.245,-0.565,1.008,0.57,,,0.325,0.278,0.59,1.002,0.591,,,-0.303,-0.258,-0.573,1.002,0.575,,,0.316,0.265,0.559,1.003,0.56,,
2012d287_05h09m59s,,56213,Hydra A,8280,3.918,8.177,4.628906,-13.515,18.732,1,0.999,1.00823,286,82.83,18.72,0.00947,1.00951,Dicke Switc,17.1,17,51.92,,57.64,,-0.336,-0.268,-0.586,1.005,0.589,6.94,0.377,0.337,0.283,0.603,1.003,0.605,6.76,0.387,-0.3,-0.273,-0.564,1.001,0.565,,,0.333,0.29,0.573,1.002,0.574,,
2012d288_05h11m39s,,56214,Hydra A,8280,3.918,8.177,4.609375,-12.114,17.86,1,0.999,1.00823,287.2,81.53,19.87,0.009676,1.00972,Dicke Switc,17.1,17,51.9,,57.48,,-0.333,-0.279,-0.576,1.003,0.578,7.075,0.37,0.327,0.286,0.594,1.002,0.595,6.866,0.381,-0.321,-0.283,-0.582,1.001,0.582,7.02,0.373,0.309,0.271,0.557,1.002,0.558,,
2012d289_05h21m02s,,56215,Hydra A,8280,3.918,8.177,4.619141,-8.777,16.036,1,0.999,1.00823,287.7,81.63,20.47,0.009784,1.00983,Dicke Switc,17.1,17,51.6,,57.43,,-0.325,-0.256,-0.587,1.005,0.59,6.926,0.378,0.333,0.278,0.605,1.003,0.606,6.741,0.389,-0.32,-0.27,-0.588,1.003,0.59,6.93,0.378,0.321,0.249,0.585,1.006,0.589,6.945,0.377
2012d308_03h52m46s,,56234,Hydra A,8280,3.918,8.177,4.6191,-12.18,17.9,1,0.999,1.00823,283.5,77,14.86,0.008775,1.00881,Dicke Switc,17.1,17,49.42,,47.9,,-0.319,-0.277,-0.595,1.002,0.596,6.863,0.382,0.316,0.313,0.59,1,0.59,,,-0.297,-0.284,-0.587,1,0.587,6.959,0.376,0.324,0.295,0.606,1.001,0.606,6.746,0.388
2012d311_03h49m46s,,56237,Hydra A,8280,3.918,8.177,4.6094,-9.97,16.64,1,0.999,1.00823,287.6,65.72,16.38,0.009049,1.00908,Dicke Switc,17.1,17,49.68,,48,,-0.34,-0.265,-0.584,1.006,0.587,6.959,0.376,0.324,0.295,0.603,1.001,0.603,6.776,0.387,-0.329,-0.281,-0.582,1.002,0.584,7.004,0.374,0.32,0.293,0.601,1.001,0.602,6.796,0.385
2012d312_03h47m47s,,56238,Hydra A,8280,3.918,8.177,4.6191,-9.49,16.39,1,0.999,1.00823,286.2,51.39,11.75,0.008215,1.00824,Dicke Switc,17.1,17,49.71,,48.01,,-0.327,-0.259,-0.59,1.005,0.593,6.891,0.38,0.323,0.268,0.615,1.003,0.617,6.63,0.395,-0.311,-0.268,-0.58,1.002,0.581,7.036,0.372,0.317,0.264,0.598,1.003,0.6,6.811,0.385
2012d313_03h27m38s,,56239,Hydra A,8280,3.918,8.177,4.6289,-13.56,18.76,1,0.999,1.00823,285.8,82.18,18.36,0.009405,1.00944,Dicke Switc,17.1,17,49.89,,48.7,,-0.314,-0.274,-0.594,1.002,0.595,6.872,0.381,0.306,0.296,0.597,1,0.597,6.847,0.383,-0.291,-0.273,-0.584,1,0.584,6.995,0.374,0.307,0.293,0.591,1,0.591,6.917,0.379
2012d316_03h17m48s,,56242,Hydra A,8280,3.918,8.177,4.6191,-13.06,18.44,1,0.999,1.00823,287,82.09,19.77,0.009659,1.0097,Dicke Switc,17.1,17,51.15,,48.34,,-0.35,-0.298,-0.601,1.004,0.603,,,0.41,0.24,0.627,1.026,0.644,,,-0.33,-0.273,-0.616,1.003,0.618,6.615,0.396,0.327,0.266,0.609,1.004,0.612,6.683,0.392
2012d318_03h08m13s,,56244,Hydra A,8280,3.918,8.177,4.6289,-13.5,18.72,1,0.999,1.00823,286.9,80.79,19.24,0.009563,1.0096,Dicke Switc,17.1,17,51.46,,49.24,,-0.307,-0.312,-0.617,1.001,0.617,6.623,0.395,0.315,0.282,0.618,1.001,0.619,6.608,0.396,-0.306,-0.296,-0.612,1,0.612,6.675,0.392,0.306,0.284,0.603,1.001,0.604,6.773,0.387
2012d322_02h54m02s,,56248,Hydra A,8280,3.918,8.177,4.6094,-13.11,18.48,1,0.999,1.00823,286.8,81.44,19.28,0.00957,1.00961,Dicke Switc,17.1,17,52.09,,49.53,,-0.321,-0.334,-0.628,1,0.628,6.512,0.402,0.312,0.324,0.614,1,0.614,6.662,0.393,-0.303,-0.322,-0.605,1,0.605,6.757,0.388,0.303,0.311,0.598,1,0.598,6.833,0.383
2012d323_02h49m22s,,56249,Hydra A,8280,3.918,8.177,4.6191,-13.3,18.59,1,0.999,1.00823,288.2,79.04,20.51,0.009792,1.00983,Dicke Switc,17.1,17,50.88,,49.12,,-0.301,-0.334,-0.632,1.001,0.633,6.459,0.406,0.303,0.303,0.585,1,0.585,,,-0.302,-0.353,-0.609,1.002,0.61,6.699,0.391,0.292,0.304,0.604,1,0.604,6.771,0.387
2012d324_02h50m17s,,56250,Hydra A,8280,3.918,8.177,4.6191,-12.08,17.84,1,0.999,1.00823,286.1,81.35,18.49,0.009428,1.00947,Dicke Switc,17.1,17,51.92,,49.65,,-0.316,-0.302,-0.634,1,0.634,6.452,0.406,0.314,0.286,0.628,1.001,0.628,6.509,0.402,-0.31,-0.294,-0.609,1,0.609,6.716,0.39,0.299,0.283,0.599,1,0.599,6.826,0.384
2012d326_02h37m12s,,56252.11,HYDRA A,8280,3.918,8.177,4.6289,-13.3,18.64,1,0.999,1.00823,289.635114,75.245619,21.26,0.009927,1.00997,Dicke Switc,17.1,17,,,47.79,,-0.362,-0.278,-0.63,1.006,0.634,6.447,0.406,0.358,0.272,0.62,1.007,0.624,,,-0.419,-0.271,-0.604,1.017,0.614,6.658,0.393,0.344,0.286,0.677,1.003,0.679,,
2012d327_02h48m58s,,56253.11,HYDRA A,8280,3.918,8.177,4.6289,-9.45,16.37,1,0.999,1.00823,289.080249,79.037197,21.59,0.009986,1.01003,Dicke Switc,17.1,17,51.88,,49.21,,-0.352,-0.279,-0.607,1.005,0.609,6.708,0.39,0.384,0.292,0.621,1.007,0.625,6.541,0.4,-0.351,-0.282,-0.603,1.004,0.606,6.749,0.388,0.375,0.295,0.594,1.005,0.597,6.851,0.382
2012d328_02h33m05s,,56254.1,HYDRA A,8280,3.918,8.177,4.6289,-12.4,18.06,1,0.999,1.00823,288.617862,81.811522,21.72,0.01001,1.01005,Dicke Switc,17.1,17,51.55,,48.95,,-0.344,-0.294,-0.62,1.002,0.621,6.581,0.398,0.332,0.284,0.621,1.002,0.622,6.574,0.398,-0.336,-0.286,-0.612,1.002,0.613,6.669,0.393,0.314,0.285,0.622,1.001,0.623,6.564,0.399
2012d329_02h26m10s,,56255.1,HYDRA A,8280,3.918,8.177,4.6289,-13.1,18.53,1,0.999,1.00823,287.970519,82.736297,21.1,0.009898,1.00994,Dicke Switc,17.1,17,,,,,-0.242,-0.393,-0.54,1.021,0.551,,,0.117,0.276,0.595,1.069,0.636,,,-0.265,-0.417,-0.505,1.019,0.515,,,0.097,0.26,0.6,1.092,0.655,,
2012d330_02h33m41s,,56256.1,HYDRA A,8280,3.918,8.177,4.5898,-10.3,16.83,1,0.999,1.00823,286.768311,83.198685,19.7,0.009646,1.00969,Dicke Switc,17.1,17,,,,,-0.31,-0.33,-0.62,1,0.62,,,0.31,0.308,0.617,1,0.617,,,-0.298,-0.326,-0.607,1.001,0.608,,,0.295,0.308,0.591,1,0.591,,
2012d331_02h20m44s,,56257,Hydra A,8280,3.918,8.177,4.6094,-12.58,18.14,1,0.999,1.00823,282.7,70.71,12.94,0.008429,1.00846,Dicke Switc,17.1,17,,,47.62,,bd,bd,bd,bd,bd,bd,bd,bd,bd,bd,bd,bd,,,-0.322,-0.299,-0.626,1,0.626,6.533,0.401,0.311,0.297,0.606,1,0.606,,
2012d335_02h05m14s,,56261,HYDRA A,8280,3.918,8.177,4.6094,-12.54,18.12,1,0.999,1.00823,288.7,66.37,17.72,0.00929,1.00933,Dicke Switc,17.1,17,51.1,,48.12,,-0.297,-0.335,-0.628,1.001,0.629,6.503,0.403,0.307,0.32,0.615,1,0.615,6.651,0.394,-0.293,-0.325,-0.613,1.001,0.613,6.666,0.393,0.295,0.315,0.605,1,0.605,6.753,0.388
2012d336_02h14m08s,,56262,HYDRA A,8280,3.918,8.177,4.5996,-9.31,16.3,1,0.999,1.00823,289.6,77.1,21.78,0.01002,1.01006,Dicke Switc,17.1,17,51.54,,48.55,,-0.34,-0.305,-0.632,1.001,0.632,6.465,0.405,0.33,0.299,0.626,1.001,0.627,6.525,0.401,-0.334,-0.294,-0.616,1.001,0.617,6.625,0.395,0.309,0.301,0.615,1,0.615,6.644,0.394
2012d337_01h55m39s,,56263,HYDRA A,8280,3.918,8.177,4.5996,-12.96,18.38,1,0.999,1.00823,288.2,81.44,21.13,0.009903,1.00995,Dicke Switc,17.1,17,51.89,,48.6,,-0.311,-0.33,-0.627,1,0.627,6.522,0.402,0.315,0.306,0.614,1,0.614,6.662,0.393,-0.305,-0.311,-0.611,1,0.611,6.694,0.391,0.299,0.312,0.608,1,0.608,6.721,0.39
2012d338_02h05m16s,,56264,HYDRA A,8280,3.918,8.177,4.5996,-9.58,16.44,1,0.999,1.00823,286.4,83.01,19.2,0.009556,1.0096,Dicke Switc,17.1,17,,,50.58,,-0.331,-0.311,-0.62,1,0.62,6.591,0.397,0.334,0.276,0.611,1.003,0.613,,,-0.331,-0.301,-0.613,1.001,0.613,6.669,0.393,0.336,0.289,0.61,1.002,0.611,6.689,0.392
2012d339_02h00m14s,,56265,HYDRA A,8280,3.918,8.177,4.6094,-9.84,16.58,1,0.999,1.00823,285.7,83.29,18.39,0.00941,1.00945,Dicke Switc,17.1,17,,,,,-0.284,-0.298,-0.601,1,0.601,,,0.315,0.292,0.624,1.001,0.624,,,-0.285,-0.295,-0.602,1,0.602,,,0.302,0.301,0.609,1,0.609,,
2012d340_01h42m33s,,56266,HYDRA A,8280,3.918,8.177,4.5996,-13.2,18.58,1,0.999,1.00823,286.8,81.07,19.19,0.009554,1.00959,Dicke Switc,17.1,17,51.8,,48.32,,-0.292,-0.345,-0.63,1.003,0.632,6.47,0.405,0.294,0.329,0.615,1.001,0.616,6.641,0.394,-0.284,-0.335,-0.615,1.002,0.616,6.634,0.395,0.284,0.328,0.599,1.002,0.6,6.811,0.385
2012d342_01h37m19s,,56268,HYDRA A,8280,3.918,8.177,4.5996,-12.6,18.17,1,0.999,1.00823,286.7,80.98,19.06,0.009531,1.00957,Dicke Switc,17.1,17,,,,,-0.286,-0.339,-0.598,1.003,0.6,,,0.297,0.256,0.612,1.002,0.613,,,-0.283,-0.329,-0.575,1.002,0.576,,,0.284,0.254,0.591,1.001,0.592,,
2012d343_01h46m51s,,56269,HYDRA A,8280,3.918,8.177,4.5996,-9.25,16.27,1,0.999,1.00823,287.1,82.27,19.93,0.009687,1.00973,Dicke Switc,17.1,17,51.22,,47.98,,-0.333,-0.302,-0.637,1.001,0.637,6.414,0.408,0.335,0.285,0.622,1.002,0.623,6.561,0.399,-0.329,-0.29,-0.617,1.001,0.618,6.617,0.396,0.315,0.285,0.614,1.001,0.614,6.657,0.393
2012d344_01h31m36s,,56270,HYDRA A,8280,3.918,8.177,4.5996,-12,17.84,1,0.999,1.00823,287.6,80.42,20.05,0.009709,1.00975,Dicke Switc,17.1,17,50.95,,47.79,,-0.298,-0.351,-0.629,1.002,0.63,6.486,0.404,0.302,0.32,0.614,1,0.614,6.656,0.394,-0.308,-0.324,-0.612,1,0.613,6.674,0.392,0.273,0.316,0.611,1.002,0.613,6.675,0.392
2012d345_01h37m23s,,56271,HYDRA A,8280,3.918,8.177,4.5996,-9.65,16.48,1,0.999,1.00823,289.7,76.82,21.83,0.010029,1.01007,Dicke Switc,17.1,17,51.49,,48.14,,-0.371,-0.255,-0.604,1.013,0.611,6.686,0.392,0.424,0.268,0.559,1.019,0.57,,,-0.359,-0.259,-0.624,1.01,0.63,6.495,0.403,,0.259,0.534,1,0.535,,
2012d350_01h08m19s,,56276,HYDRA A,8280,3.918,8.177,4.6191,-12,17.8,1,0.999,1.00823,287.5,81.44,20.19,0.009734,1.00978,Dicke Switc,17.1,17,51.35,,48.2,,-0.382,-0.263,-0.622,1.013,0.63,6.495,0.403,0.381,0.247,0.609,1.017,0.619,6.6,0.397,-0.379,-0.257,-0.613,1.014,0.621,6.585,0.398,0.364,0.247,0.597,1.014,0.605,6.76,0.387
2012d351_00h59m29s,,56277,HYDRA A,8280,3.918,8.177,4.6094,-13.2,18.56,1,0.999,1.00823,287.2,82.46,20.09,0.009716,1.00976,Dicke Switc,17.1,17,52.59,,49.6,,-0.336,-0.332,bad data,,,,,0.348,0.353,bad data,,,,,-0.292,-0.324,-0.611,1.001,0.611,6.687,0.392,0.291,0.317,0.598,1.001,0.599,6.831,0.383
2012d352_01h11m08s,,56278,HYDRA A,8280,3.918,8.177,4.5703,-9.33,16.31,1,0.999,1.00823,286.8,82.46,19.52,0.009614,1.00965,Dicke Switc,17.1,17,51.02,,47.62,,-0.307,-0.326,-0.629,1,0.629,6.5,0.403,0.303,0.303,0.62,1,0.62,6.596,0.397,-0.299,-0.321,-0.619,1,0.62,6.598,0.397,0.295,0.299,0.614,1,0.614,6.664,0.393
2012d353_00h54m21s,,56279,HYDRA A,8280,3.918,8.177,4.5898,-12.5,18.13,1,0.999,1.00823,287.3,81.26,19.91,0.009684,1.00972,Dicke Switc,17.1,17,51.47,,48.52,,-0.298,bad data,-0.631,1.001,0.632,6.47,0.405,0.298,bad data,0.617,1,0.617,6.628,0.395,-0.291,-0.33,-0.612,1.001,0.613,6.668,0.393,0.285,0.32,0.608,1.001,0.609,6.716,0.39
2012d355_01h04m22s,,56281,HYDRA A,8280,3.918,8.177,4.6289,-8.07,15.7,1,0.999,1.00823,287.6,81.16,20.23,0.009741,1.00978,Dicke Switc,17.1,17,51.2,,47.71,,-0.321,-0.31,-0.635,1,0.635,6.439,0.407,0.315,0.29,0.615,1.001,0.616,6.642,0.394,-0.308,-0.296,-0.612,1,0.612,6.681,0.392,0.301,0.293,0.606,1,0.606,6.75,0.388
2012d356_00h42m52s,,56282,HYDRA A,8280,3.918,8.177,4.5996,-12.4,18.08,1,0.999,1.00823,287.5,81.44,20.19,0.009734,1.00978,Dicke Switc,17.1,17,52.82,,49.94,,-0.256,-0.36,-0.568,1.011,0.574,,,0.302,0.324,0.619,1,0.62,6.599,0.397,-0.261,-0.374,-0.58,1.012,0.587,,,0.297,0.344,0.622,1.002,0.624,6.556,0.4
2012d357_00h51m32s,,56283,HYDRA A,8280,3.918,8.177,4.6094,-9.31,16.3,1,0.999,1.00823,286.7,82.27,19.36,0.009585,1.00962,Dicke Switc,17.1,17,52.01,,48.75,,-0.371,-0.254,-0.614,1.013,0.622,6.575,0.398,0.363,0.236,0.604,1.017,0.614,6.655,0.394,-0.365,-0.245,-0.604,1.014,0.612,6.677,0.392,0.354,0.235,0.59,1.015,0.599,6.831,0.383
2012d358_00h30m57s,,56284,HYDRA A,8280,3.918,8.177,4.6289,-13.4,18.72,1,0.999,1.00823,287.6,79.22,19.75,0.009655,1.0097,Dicke Switc,17.1,17,51.03,,47.51,,-0.363,-0.28,-0.621,1.006,0.625,6.541,0.4,0.356,0.265,0.605,1.008,0.61,6.702,0.391,-0.358,-0.271,-0.603,1.007,0.607,6.738,0.389,0.341,0.256,0.591,1.007,0.595,6.872,0.381
2012d359_00h43m41s,,56285,HYDRA A,8280,3.918,8.177,4.6094,-9.31,16.3,1,0.999,1.00823,289,76.17,20.69,0.009824,1.00987,Dicke Switc,17.1,17,50.84,,47.64,,-0.416,-0.252,-0.623,1.023,0.637,6.417,0.408,0.404,0.228,0.607,1.03,0.625,6.542,0.4,-0.408,-0.241,-0.6,1.025,0.615,6.651,0.394,0.389,0.228,0.596,1.026,0.611,6.689,0.392
2012d360_00h39m11s,,56286,HYDRA A,8280,3.918,8.177,4.6289,-9.45,16.37,1,0.999,1.00823,288.6,78.57,20.86,0.009855,1.0099,Dicke Switc,17.1,17,51.06,,47.56,,-0.317,-0.325,-0.631,1,0.631,6.475,0.405,0.316,0.302,0.621,1,0.621,6.585,0.398,-0.304,-0.307,-0.613,1,0.613,6.67,0.393,0.299,0.303,0.604,1,0.604,6.768,0.387
2012d361_00h34m59s,,56287,HYDRA A,8280,3.918,8.177,4.5605,-9.52,16.41,1,0.999,1.00823,287,82.92,19.86,0.009675,1.00972,Dicke Switc,17.1,17,,,,,-0.26,-0.281,-0.557,1.001,0.557,,,0.277,0.312,0.565,1.001,0.566,,,-0.257,-0.273,-0.552,1,0.552,,,0.275,0.31,0.559,1.001,0.559,,
2012d362_00h18m39s,,56288,HYDRA A,8280,3.918,8.177,4.6191,-12.6,18.18,1,0.999,1.00823,289.5,82.09,22.93,0.010227,1.01027,Dicke Switc,17.1,17,51.95,,48.51,,-0.345,-0.261,-0.623,1.007,0.628,6.513,0.402,0.369,0.238,0.599,1.017,0.61,6.703,0.391,-0.343,-0.253,-0.605,1.008,0.611,6.696,0.391,0.346,0.252,0.584,1.009,0.59,6.932,0.378
2012d363_00h26m59s,,56289,HYDRA A,8280,3.918,8.177,4.6094,-9.55,16.42,1,0.999,1.00823,289.6,82.27,23.25,0.010285,1.01033,Dicke Switc,17.1,17,52.06,,48.76,,-0.315,-0.317,-0.632,1,0.632,6.471,0.405,0.318,0.295,0.615,1.001,0.616,6.642,0.394,-0.311,-0.304,-0.619,1,0.619,6.606,0.397,0.307,0.297,0.61,1,0.61,6.698,0.391
2012d364_00h23m42s,,56290,HYDRA A,8280,3.918,8.177,4.6289,-9.4,16.34,1,0.999,1.00823,292,81.35,26.59,0.010886,1.01094,Dicke Switc,17.1,17,51.73,,48.09,,-0.313,-0.307,-0.63,1,0.63,6.487,0.404,0.312,0.284,0.618,1.001,0.619,6.608,0.396,-0.308,-0.294,-0.61,1,0.61,6.699,0.391,0.298,0.286,0.608,1,0.608,6.728,0.389
2012d365_00h18m29s,,56291,HYDRA A,8280,3.918,8.177,4.6191,-9.72,16.51,1,0.999,1.00823,291.4,82,25.78,0.01074,1.01079,Dicke Switc,17.1,17,51.52,,47.54,,-0.302,-0.311,-0.629,1,0.629,6.503,0.403,0.306,0.288,0.618,1,0.618,6.617,0.396,-0.293,-0.304,-0.612,1,0.612,6.677,0.392,0.292,0.299,0.608,1,0.608,6.721,0.39
2012d366_00h18m28s,,56293,HYDRA A,8280,3.918,8.177,4.6191,-7.75,15.56,1,0.999,1.00823,290.6,78.67,23.52,0.010334,1.01038,Dicke Switc,17.1,17,51.25,,47.5,,,,,,,,,bad data,,,,,,,,,,,,,,,,,,,,
2013d003_23h46m47s,,56296,HYDRA A,8280,3.918,8.177,4.6191,-12.7,18.24,1,0.999,1.00823,289.3,80.61,22.27,0.010109,1.01015,Dicke Switc,17.1,17,52.05,,48.31,,-0.271,-0.362,-0.612,1.008,0.616,6.634,0.395,0.284,0.334,0.622,1.002,0.623,6.559,0.399,-0.265,-0.355,-0.596,1.008,0.601,6.806,0.385,0.262,0.333,0.601,1.005,0.604,6.765,0.387
2013d004_23h54m20s,,56297,HYDRA A,8280,3.918,8.177,4.6094,-9.86,16.58,1,0.999,1.00823,290.1,78.2,22.73,0.010191,1.01024,Dicke Switc,17.1,17,51.05,,47.23,,-0.295,-0.322,-0.625,1.001,0.625,6.536,0.401,0.29,0.292,0.614,1,0.614,6.655,0.394,-0.287,-0.315,-0.604,1.001,0.605,6.761,0.387,0.276,0.298,0.596,1.001,0.596,6.854,0.382
2013d005_23h50m29s,,56298,HYDRA A,8280,3.918,8.177,4.6191,-9.84,16.57,1,0.999,1.00823,291,78.48,24.13,0.010443,1.01049,Dicke Switc,17.1,17,51.55,,48.14,,-0.335,-0.314,-0.64,1,0.64,6.387,0.41,0.323,0.306,0.614,1,0.614,6.662,0.393,-0.324,-0.301,-0.629,1,0.629,6.498,0.403,0.296,0.302,0.6,1,0.6,6.814,0.384
2013d006_23h49m19s,,56299,HYDRA A,8280,3.918,8.177,4.6191,-9.14,16.22,1,0.999,1.00823,289.5,82.09,23.06,0.010251,1.0103,Dicke Switc,17.1,17,,,49.14,,,,,,,,,bad data,,,,,,,-0.312,-0.298,-0.611,1,0.611,6.686,0.392,0.308,0.29,0.608,1,0.608,,
2013d008_00h14m38s,,56300,HYDRA A,8280,3.918,8.177,4.6191,-1.81,13.84,1,0.999,1.00823,290.2,76.82,22.45,0.010141,1.01019,Dicke Switc,17.1,17,50.01,,48.18,,,,,,,,,,,,,,,,-0.417,-0.272,-0.655,1.017,0.666,6.143,0.426,0.411,0.266,0.656,1.017,0.667,6.128,0.427
2013d011_23h27m16s,,56304,HYDRA A,8280,3.918,8.177,4.6289,-9.75,16.52,1,0.999,1.00823,290,79.68,23.03,0.010245,1.01029,Dicke Switc,17.1,17,51.83,,47.78,,-0.362,-0.337,-0.676,1,0.676,6.045,0.433,0.358,0.326,0.656,1.001,0.656,6.231,0.42,-0.355,-0.329,-0.662,1.001,0.663,6.17,0.425,0.343,0.332,0.65,1,0.65,6.29,0.416
2013d012_23h11m49s,,56305,HYDRA A,8280,3.918,8.177,4.6094,-12.6,18.18,1,0.999,1.00823,289.2,79.22,21.76,0.010017,1.01006,Dicke Switc,17.1,17,51.5,,47.98,,-0.326,-0.351,-0.673,1,0.674,6.07,0.432,0.331,0.323,0.662,1,0.662,6.178,0.424,-0.326,-0.349,-0.656,1,0.656,6.229,0.421,0.317,0.32,0.653,1,0.653,6.264,0.418
2013d014_00h41m58s,,56306,HYDRA A,8280,3.918,8.177,4.6289,10.94,17.17,1,0.999,1.00823,286.8,80.89,19.15,0.009547,1.00959,Dicke Switc,17.1,17,51.3,,47.54,,,-0.281,,,,,,,0.271,0.612,1.005,0.615,,,-0.389,-0.333,-0.655,1.002,0.657,6.227,0.421,0.384,0.297,0.654,1.006,0.658,6.217,0.421
2013d024_22h36m52s,,56317,HYDRA A,8280,3.918,8.177,4.6094,-9.56,16.43,1,0.999,1.00823,290.3,62.11,18.26,0.009387,1.00942,Dicke Switc,17.1,17,50.49,,,,,,-0.547,,,,,0.311,,0.691,1.004,0.694,,,-0.301,-0.372,-0.652,1.004,0.654,6.25,0.419,0.3,0.362,0.651,1.003,0.653,6.26,0.418
2013d025_22h21m11s,,56318,HYDRA A,8280,3.918,8.177,4.6094,-12.5,18.1,1,0.999,1.00823,295.6,52.4,21.1,0.009898,1.00994,Dicke Switc,17.1,17,50.7,,47.74,,-0.359,,,,,,,0.349,,,,,,,-0.342,,-0.649,1.001,0.65,6.292,0.416,0.343,0.382,0.655,1.001,0.656,6.235,0.42
2013d026_23h31m09s,,56319,HYDRA A,8280,3.918,8.177,4.6191,6,14.85,1,0.999,1.00823,292.9,74.97,25.76,0.010737,1.01079,Dicke Switc,17.1,17,51.81,,47.87,,-0.344,-0.325,-0.68,1,0.68,6.012,0.436,0.366,0.323,0.66,1.001,0.661,6.187,0.423,-0.337,-0.316,-0.668,1,0.668,6.117,0.428,0.342,0.319,0.643,1,0.644,6.351,0.412
2013d027_22h14m53s,,56320,HYDRA A,8280,3.918,8.177,4.6094,-12.1,17.86,1,0.999,1.00823,290.9,76.91,23.51,0.010332,1.01038,Dicke Switc,17.1,17,,,,,,,,,,,,bad data,,,,,,,,,,,,,,,,,,,,
2013d030_22h03m36s,,56323,HYDRA A,8280,3.918,8.177,4.6094,-11.9,17.79,1,0.999,1.00823,290.5,79.5,23.63,0.010353,1.0104,Dicke Switc,17.1,17,52.42,,48.66,,-0.314,-0.356,-0.671,1.001,0.672,6.084,0.431,0.323,0.339,0.666,1,0.666,6.141,0.427,-0.302,-0.348,-0.65,1.002,0.651,6.282,0.417,0.307,0.345,0.643,1.001,0.644,6.348,0.413
2013d032_21h49m31s,,56325,HYDRA A,8280,3.918,8.177,4.6191,-13.5,18.75,1,0.999,1.00823,291.5,67.29,21.27,0.009929,1.00997,Dicke Switc,17.1,17,51.18,,47.37,,-0.334,-0.366,-0.672,1.001,0.672,6.083,0.431,0.331,0.35,0.663,1,0.663,6.169,0.425,-0.328,-0.355,-0.655,1.001,0.655,6.24,0.42,0.321,0.356,0.652,1.001,0.653,6.261,0.418
2013d033_22h01m09s,,56326,HYDRA A,8280,3.918,8.177,4.6191,-9.65,16.47,1,0.999,1.00823,289.1,74.04,20.22,0.00974,1.00978,Dicke Switc,17.1,17,51.06,,47.27,,-0.298,-0.392,-0.667,1.007,0.672,6.088,0.43,0.309,0.376,0.657,1.003,0.659,6.201,0.422,-0.3,-0.386,-0.648,1.006,0.652,6.274,0.417,0.293,0.373,0.646,1.005,0.649,6.296,0.416
2013d034_22h16m39s,,56327,HYDRA A,8280,3.918,8.177,4.6094,-4.78,14.45,1,0.999,1.00823,290.9,78.39,23.97,0.010415,1.01046,Dicke Switc,17.1,17,52.36,,47.99,,-0.364,-0.336,-0.675,1.001,0.675,6.057,0.432,0.372,0.306,0.665,1.003,0.668,6.123,0.428,-0.36,-0.325,-0.656,1.001,0.657,6.227,0.421,0.362,0.313,0.657,1.002,0.658,6.21,0.422
2013d035_22h05m22s,,56327.92,HYDRA A,8280,3.918,8.177,4.6094,-6.62,15.09,1,0.999,1.00823,287.1,81.07,19.64,0.009635,1.00968,Dicke Switc,17.1,17,51.67,,47.7,,-0.388,-0.401,-0.777,1,0.777,,,0.388,0.37,0.722,1,0.722,,,-0.332,-0.342,-0.664,1,0.664,6.158,0.425,0.335,0.34,0.662,1,0.662,6.178,0.424
2013d036_22h11m47s,,56328.92,HYDRA A,8280,3.918,8.177,4.6094,-4.03,14.25,1,0.999,1.00823,287,81.72,19.57,0.009623,1.00966,Dicke Switc,17.1,17,,,,,-0.315,-0.251,-0.619,1.005,0.621,,,0.33,0.289,0.584,1.002,0.585,,,-0.285,-0.226,-0.591,1.005,0.593,,,0.32,0.274,0.577,1.002,0.578,,
2013d037_21h43m10s,,56329.9,HYDRA A,8280,3.918,8.177,4.6094,-10.2,16.77,1,0.999,1.00823,289.8,78.02,22.3,0.010114,1.01016,Dicke Switc,17.1,17,,,,,-0.352,-0.354,-0.701,1,0.702,,,0.424,0.303,0.567,1.01,0.573,,,-0.341,-0.355,-0.712,1,0.712,,,0.406,0.298,0.533,1.009,0.538,,
2013d038_21h45m33s,,56330.9,HYDRA A,8280,3.918,8.177,4.6094,-8.63,15.96,1,0.999,1.00823,289.9,76.91,22.1,0.010078,1.01012,Dicke Switc,17.1,17,51.43,,47.45,,-0.299,bd,-0.676,1.005,0.68,6.017,0.435,0.312,bd,0.663,1.001,0.664,6.155,0.426,-0.294,-0.366,-0.671,1.004,0.674,6.07,0.432,0.289,0.372,0.647,1.006,0.651,6.284,0.417
2013d039_21h44m40s,,56331.9,HYDRA A,8280,3.918,8.177,4.6191,-7.87,15.61,1,0.999,1.00823,293.5,73.86,26.38,0.010848,1.0109,Dicke Switc,17.1,17,,,48.34,,bd,-0.352,-0.694,1,0.694,5.887,0.445,bd,0.428,0.687,1.018,0.7,,,-0.26,-0.322,-0.656,1.004,0.659,6.206,0.422,0.388,0.421,0.649,1.001,0.65,,
2013d040_21h42m03s,,56332.9,HYDRA A,8280,3.918,8.177,4.6191,-7.54,15.47,1,0.999,1.00823,290.4,76.82,22.71,0.010188,1.01023,Dicke Switc,17.1,17,51.34,,47.45,,-0.312,-0.369,-0.686,1.003,0.687,5.949,0.44,0.318,0.339,0.66,1,0.66,6.196,0.423,-0.304,-0.361,-0.657,1.003,0.659,6.207,0.422,0.303,0.333,0.659,1.001,0.66,6.197,0.423
2013d041_21h36m30s,,56333.9,HYDRA A,8280,3.918,8.177,4.6191,-7.95,15.64,1,0.999,1.00823,291,81.53,25.07,0.010613,1.01066,Dicke Switc,17.1,17,52.7,,48.57,,-0.366,-0.382,-0.687,1,0.687,5.953,0.44,0.352,0.324,0.688,1.001,0.689,,,-0.35,-0.35,-0.696,1,0.696,,,0.347,0.335,0.671,1,0.671,6.095,0.43
2013d043_21h51m06s,,56335.91,HYDRA A,8280,3.918,8.177,4.6191,-2.31,13.91,1,0.999,1.00823,289.1,81.26,22.19,0.010094,1.01014,Dicke Switc,17.1,17,51.95,,,,-0.348,-0.34,-0.683,1,0.683,,,0.368,0.325,0.663,1.001,0.664,6.157,0.425,-0.331,-0.326,-0.636,1,0.636,,,0.35,0.313,0.655,1.001,0.656,6.232,0.42
2013d045_22h25m03s,,56337.93,HYDRA A,8280,3.918,8.177,4.6094,8.16,15.74,1,0.999,1.00823,290.3,80.79,23.75,0.010375,1.01042,Dicke Switc,17.1,17,51.44,,47.55,,-0.339,-0.375,-0.688,1.001,0.689,5.934,0.441,0.344,0.268,0.669,1.006,0.672,6.081,0.431,-0.329,-0.313,-0.672,1,0.672,6.086,0.43,0.332,0.32,0.653,1,0.653,6.257,0.419
2013d046_21h26m22s,,56338.89,HYDRA A,8280,3.918,8.177,4.6289,-5.56,14.7,1,0.999,1.00823,291.9,77.83,25.16,0.010629,1.01068,Dicke Switc,17.1,17,,,,,,,,,,,,bd,,,,,,,,,,,,,,,,,,,,
2013d047_21h06m26s,,56339.88,HYDRA A,8280,3.918,8.177,4.6094,-9.58,16.43,1,0.999,1.00823,293,69.05,23.86,0.010395,1.01044,Dicke Switc,17.1,17,51.76,,47.95,,bd,bd,,,,,,bd,bd,,,,,,,,,,,,,,,,,,,
2013d048_21h36m35s,,56340.9,HYDRA A,8280,3.918,8.177,4.6094,-1.03,13.77,1,0.999,1.00823,289.1,77.93,21.28,0.00993,1.00997,Dicke Switc,17.1,17,51.62,,47.52,,-0.324,-0.379,-0.682,1.002,0.684,5.978,0.438,0.325,0.351,0.666,1.001,0.667,6.134,0.427,-0.312,-0.325,-0.663,1,0.663,6.169,0.425,0.312,0.366,0.658,1.002,0.66,6.195,0.423
2013d049_20h57m24s,,56341.87,HYDRA A,8280,3.918,8.177,4.6094,-9.87,16.59,1,0.999,1.00823,289.4,81.9,22.75,0.010195,1.01024,Dicke Switc,17.1,17,51.83,,48.03,,-0.314,-0.376,-0.668,1.003,0.67,6.099,0.429,0.32,0.375,0.678,1.002,0.679,6.018,0.435,-0.309,-0.366,-0.674,1.003,0.676,6.052,0.433,0.311,0.376,0.688,1.003,0.69,,
2013d051_20h54m31s,,56343.87,HYDRA A,8280,3.918,8.177,4.6191,-8.62,15.95,1,0.999,1.00823,291.9,56.84,18.38,0.009408,1.00945,Dicke Switc,17.1,17,51.93,,48.05,,,,,,,,,bd,,,,,,,,,,,,,,,,,,,,
2013d053_20h51m27s,,56345.87,HYDRA A,8280,3.918,8.177,4.6094,-7.41,15.41,1,0.999,1.00823,289.2,36.41,10,0.0079,1.00793,Dicke Switc,17.1,17,,,47.66,,-0.291,-0.345,-0.647,1.003,0.648,,,,,,,,,,bd,,,,,,,bd,,,,,,
2013d054_20h43m42s,,56346.86,HYDRA A,8280,3.918,8.177,4.6094,-8.36,15.83,1,0.999,1.00823,290,39.46,11.4,0.008152,1.00818,Dicke Switc,17.1,17,49.83,,,,,,,,,,,bd,bd,,,,,,,,,,,,,,,,,,,
2013d056_21h05m12s,,56348.88,HYDRA A,8280,3.918,8.177,4.6094,-1,13.76,1,0.999,1.00823,288.5,82.74,21.84,0.010031,1.01008,Dicke Switc,17.1,17,50.36,,,,,,,,,,,bd,0.31,0.617,1,0.617,,,,,,,,,,bd,0.353,0.703,1,0.703,,
2013d060_21h19m37s,,56352.89,HYDRA A,8280,3.918,8.177,4.6289,6.55,15.05,1,0.999,1.00823,287.6,81.07,20.21,0.009738,1.00978,Dicke Switc,17.1,17,51.29,,,,,,,,,,,bd,,,,,,,,,,,,,,,,,,,,
2013d065_20h00m39s,,56357.83,HYDRA A,8280,3.918,8.177,4.6191,-8.31,15.81,1,0.999,1.00823,291.207232,69.419536,21.58,0.009984,1.01003,Dicke Switc,17.1,17,49.75,,,,-0.33,-0.31,-0.661,1,0.661,,,0.304,0.318,0.618,1,0.619,,,,,,,,,,,,,,,,
2013d066_19h58m44s,,56358.83,HYDRA A,8280,3.918,8.177,4.6191,-7.81,15.58,1,0.999,1.00823,290.837322,76.632782,23.3,0.010294,1.01034,Dicke Switc,17.1,17,51.78,,47.84,,-0.339,-0.368,-0.636,1.001,0.636,,,0.358,0.351,0.602,1,0.602,,,-0.331,-0.347,-0.624,1,0.624,,,0.34,0.353,0.595,1,0.595,,
2013d069_19h41m21s,,56361.82,HYDRA A,8280,3.918,8.177,4.6094,-9.21,16.25,1,0.999,1.00823,287.970519,79.68454,20.33,0.009759,1.0098,Dicke Switc,17.1,17,50.96,,47.85,,-0.315,bd,-0.658,1.001,0.658,6.212,0.422,bd,0.406,0.656,1.017,0.667,6.131,0.427,-0.306,-0.354,-0.658,1.002,0.659,6.203,0.422,0.312,0.358,0.644,1.002,0.646,6.333,0.414
2013d071_19h37m08s,,56363.81,HYDRA A,8280,3.918,8.177,4.6094,-8.3,15.8,1,0.999,1.00823,287.415654,81.071702,19.98,0.009696,1.00974,Dicke Switc,17.1,17,52.03,,48.09,,bd,-0.37,-0.609,1.014,0.618,,,bd,0.352,0.738,1.001,0.739,,,-0.31,-0.363,-0.661,1.002,0.663,6.171,0.424,0.309,0.354,0.652,1.002,0.653,6.26,0.418
2013d072_19h28m53s,,56364.81,HYDRA A,8280,3.918,8.177,4.6094,-9.38,16.33,1,0.999,1.00823,290.374934,76.077917,22.49,0.010148,1.01019,Dicke Switc,17.1,17,51.68,,48.14,,,,,,,,,bd,,,,,,,,,,,,,,,,,,,,
2013d075_19h17m17s,,56367.8,HYDRA A,8280,3.918,8.177,4.6191,-9.33,16.31,1,0.999,1.00823,288.987772,75.245619,20.44,0.009779,1.00982,Dicke Switc,17.1,17,50.76,,47.1,,-0.306,-0.366,-0.676,1.003,0.678,6.029,0.434,0.312,0.359,0.668,1.002,0.669,6.112,0.429,-0.299,-0.363,-0.663,1.003,0.665,6.147,0.426,0.296,0.353,0.651,1.003,0.652,6.266,0.418
2013d080_19h49m28s,,56372.82,HYDRA,8280,3.918,8.177,4.6289,3.66,14.16,1,0.999,1.00823,294.074035,57.212505,21.11,0.0099,1.00994,Dicke Switc,17.1,17,,,,,,,,,,,,bd,,,,,,,,,,,,,,,,,,,,
2013d081_18h57m28s,,56373.79,HYDRA,8280,3.918,8.177,4.6289,-8.38,15.84,1,0.999,1.00823,291.854574,64.610706,20.89,0.00986,1.0099,Dicke Switc,17.1,17,,,,,-0.32,-0.371,-0.675,1.002,0.676,,,0.327,0.359,0.672,1.001,0.672,,,-0.314,-0.356,-0.654,1.001,0.655,6.246,,0.314,0.36,0.653,1.002,0.654,6.247,
2013d082_19h36m59s,,56374.81,HYDRA,8280,3.918,8.177,4.6191,2.5,13.93,1,0.999,1.00823,291.114754,66.182823,20.46,0.009783,1.00982,Dicke Switc,17.1,17,51.4,,47.38,,-0.392,-0.327,-0.683,1.003,0.685,5.966,0.439,0.398,0.303,0.666,1.007,0.671,6.096,0.43,-0.378,-0.319,-0.663,1.003,0.665,6.152,0.426,0.383,0.301,0.653,1.005,0.656,6.229,0.421
2013d083_19h33m46s,,56375.81,HYDRA A,8280,3.918,8.177,4.6191,2.68,13.96,1,0.999,1.00823,289.912547,74.875709,21.52,0.009974,1.01002,Dicke Switc,17.1,17,51.59,,47.73,,-0.341,-0.356,-0.674,1,0.674,6.062,0.432,0.344,0.346,0.671,1,0.671,6.093,0.43,-0.321,-0.336,-0.672,1,0.672,6.08,0.431,0.33,0.353,0.673,1,0.673,6.074,0.431
2013d085_19h26m25s,,56377.81,HYDRA A,8280,3.918,8.177,4.6191,2.81,13.98,1,0.999,1.00823,291.762097,76.262872,24.52,0.010514,1.01056,Dicke Switc,17.1,17,52.53,,48.24,,-0.341,-0.356,-0.638,1,0.639,,,0.366,0.355,0.674,1,0.674,6.069,0.432,-0.328,-0.337,-0.618,1,0.618,,,0.345,0.357,0.66,1,0.66,6.196,0.423
2013d086_19h19m15s,,56378.8,HYDRA A,8280,3.918,8.177,4.6191,1.99,13.86,1,0.999,1.00823,290.652367,78.852242,23.7,0.010366,1.01041,Dicke Switc,17.1,17,52.01,,48.22,,-0.356,-0.361,-0.701,1,0.701,5.836,0.449,0.357,0.33,0.64,1.001,0.64,,,-0.35,-0.349,-0.679,1,0.679,6.021,0.435,0.343,0.316,0.634,1.001,0.634,6.447,0.406
2013d087_18h35m03s,,56379.77,HYDRA A,8280,3.918,8.177,4.6094,-8.09,15.71,1,0.999,1.00823,288.802817,74.968187,20.13,0.009723,1.00976,Dicke Switc,17.1,17,50.83,,47.28,,-0.312,-0.382,-0.674,1.004,0.676,6.045,0.433,0.327,0.358,0.67,1.001,0.67,6.102,0.429,-0.312,-0.375,-0.661,1.003,0.663,6.165,0.425,0.307,0.356,0.651,1.002,0.652,6.271,0.418
2013d088_18h28m09s,,56380.77,HYDRA A,8280,3.918,8.177,4.6191,-8.84,16.06,1,0.999,1.00823,290.652367,74.135889,22.29,0.010112,1.01016,Dicke Switc,17.1,17,51.35,,47.96,,-0.332,-0.372,-0.676,1.001,0.677,6.041,0.434,0.333,0.349,0.669,1,0.67,6.106,0.429,-0.318,-0.363,-0.668,1.002,0.669,6.109,0.429,0.318,0.35,0.65,1.001,0.651,6.283,0.417
2013d089_18h23m30s,,56381.76,HYDRA A,8280,3.918,8.177,4.6191,-9.02,16.15,1,0.999,1.00823,294.074035,58.229758,21.49,0.009968,1.01001,Dicke Switc,17.1,17,51.7,,48.32,,-0.339,-0.325,-0.684,1,0.684,5.976,0.438,0.379,0.338,0.663,1.001,0.664,6.156,0.425,-0.335,-0.335,-0.658,1,0.658,6.212,0.422,0.355,0.336,0.654,1,0.654,6.25,0.419
2013d090_18h19m15s,,56382.76,HYDRA A,8280,3.918,8.177,4.6094,-9.1,16.19,1,0.999,1.00823,289.080249,66.922643,18.28,0.00939,1.00943,Dicke Switc,17.1,17,51.08,,47.37,,-0.315,-0.369,-0.668,1.002,0.669,6.111,0.429,0.325,0.354,0.669,1.001,0.67,6.106,0.429,-0.315,-0.36,-0.655,1.002,0.656,6.233,0.42,0.31,0.353,0.659,1.002,0.66,6.192,0.423
2013d091_18h23m20s,,56383.76,HYDRA A,8280,3.918,8.177,4.6191,-7.09,15.27,1,0.999,1.00823,291.299709,68.217329,21.33,0.009939,1.00998,Dicke Switc,17.1,17,51.88,,48.17,,-0.344,-0.352,-0.678,1,0.678,6.027,0.435,0.342,0.335,0.667,1,0.667,6.129,0.427,-0.324,-0.344,-0.661,1,0.661,6.181,0.424,0.338,0.335,0.652,1,0.652,6.27,0.418
2013d094_18h13m23s,,56386.76,HYDRA A,8280,3.918,8.177,4.5703,-6.63,15.09,1,0.999,1.00823,286.583356,74.690754,17.48,0.009246,1.00928,Dicke Switc,17.1,17,50.51,,,,-0.388,-0.313,-0.686,1.004,0.689,5.934,0.441,0.403,0.296,0.676,1.009,0.682,5.997,0.437,-0.367,-0.304,-0.658,1.003,0.66,6.197,,0.383,0.298,0.671,1.006,0.675,6.058,
2013d095_17h48m30s,,56387.74,HYDRA A,8280,3.918,8.177,4.6094,-11.8,17.72,1,0.999,1.00823,284.918761,65.350526,13.77,0.008579,1.00861,Dicke Switc,17.1,17,50.21,,46.74,,-0.319,-0.371,-0.671,1.002,0.672,6.081,0.431,0.325,0.333,0.668,1,0.668,6.12,0.428,-0.32,-0.356,-0.664,1.001,0.664,6.155,0.426,0.308,0.342,0.668,1.001,0.669,6.113,0.428
2013d096_17h45m37s,,56388.74,HYDRA A,8280,3.918,8.177,4.6191,-11.6,17.56,1,0.999,1.00823,287.138221,53.513405,12.96,0.008433,1.00846,Dicke Switc,17.1,17,51.75,,47.79,,-0.305,-0.371,-0.668,1.003,0.67,6.099,0.429,0.317,0.348,0.671,1.001,0.672,6.086,0.43,-0.306,-0.363,-0.647,1.003,0.649,6.298,0.416,0.307,0.355,0.645,1.002,0.646,6.327,0.414
2013d097_17h37m41s,,56389.73,HYDRA A,8280,3.918,8.177,4.6094,-12.6,18.16,1,0.999,1.00823,287.970519,45.282906,11.55,0.008179,1.00821,Dicke Switc,17.1,17,51.45,,47.87,,-0.318,-0.376,-0.67,1.003,0.672,6.088,0.43,0.311,0.356,0.666,1.002,0.667,6.131,0.427,-0.303,bd,,,,,,0.3,bd,,,,,
2013d102_17h25m19s,,56394.72,HYDRA A,8280,3.918,8.177,4.6289,-10.7,17.09,1,0.999,1.00823,287.508131,79.222152,19.64,0.009635,1.00968,Dicke Switc,17.1,17,,,,,bd,,,,,,,bd,,,,,,,bd,,,,,,,bd,,,,,,
2013d103_17h35m05s,,56395.73,HYDRA A,8280,3.918,8.177,4.6094,-7.36,15.38,1,0.999,1.00823,286.120969,80.42436,18.28,0.00939,1.00943,Dicke Switc,17.1,17,50.89,,46.86,,-0.312,-0.366,-0.671,1.002,0.672,6.083,0.431,0.321,0.344,0.658,1,0.658,6.213,0.422,-0.301,-0.357,-0.651,1.003,0.652,6.267,0.418,0.306,0.342,0.644,1.001,0.644,6.344,0.413
2013d104_17h30m37s,,56396.73,HYDRA A,8280,3.918,8.177,4.6289,-7.49,15.44,1,0.999,1.00823,288.432906,62.113813,16.3,0.009034,1.00907,Dicke Switc,17.1,17,50.72,,47.97,,-0.323,-0.366,-0.665,1.001,0.666,6.143,0.426,0.329,0.351,0.658,1,0.658,6.213,0.422,-0.31,-0.358,-0.644,1.002,0.646,6.333,0.414,0.314,0.357,0.663,1.001,0.664,6.161,0.425
2013d105_17h23m51s,,56397.72,HYDRA A,8280,3.918,8.177,4.6191,-8.2,15.76,1,0.999,1.00823,290.189979,62.668678,18.32,0.009398,1.00944,Dicke Switc,17.1,17,51.15,,47.76,,-0.315,-0.367,-0.679,1.002,0.68,6.009,0.436,0.322,0.342,0.661,1,0.661,6.184,0.424,-0.313,-0.36,-0.65,1.002,0.651,6.283,0.417,0.313,0.354,0.652,1.001,0.653,6.265,0.418
2013d107_17h19m48s,,56399.72,HYDRA A,8280,3.918,8.177,4.6289,-7.24,15.33,1,0.999,1.00823,291.207232,43.710789,13.59,0.008546,1.00858,Dicke Switc,17.1,17,,,,,bd,,,,,,,bd,,,,,,,,,,,,,,,,,,,,
2013d108_17h16m12s,,56400.72,HYDRA A,8280,3.918,8.177,4.6094,-7.16,15.3,1,0.999,1.00823,288.987772,65.350526,17.75,0.009295,1.00933,Dicke Switc,17.1,17,,,,,bd,,,,,,,bd,,,,,,,,,,,,,,,,,,,,
2013d109_17h03m44s,,56401.71,HYDRA A,8280,3.918,8.177,4.6191,-9.3,16.29,1,0.999,1.00823,286.028491,80.701792,18.24,0.009383,1.00942,Dicke Switc,17.1,17,,,,,bd,bd,bd,,,,,bd,,,,,,,,,,,,,,,,,,,,
2013d110_17h08m01s,,56402.71,HYDRA A,8280,3.918,8.177,4.6191,-7.24,15.33,1,0.999,1.00823,282.421868,80.701792,14.51,0.008712,1.00874,Dicke Switc,17.1,17,51.84,,47.69,,bd,bd,bd,,,,,bd,bd,bd,,,,,-0.284,-0.382,-0.651,1.008,0.656,6.232,0.42,0.28,0.372,0.651,1.007,0.655,6.238,0.42
2013d115_16h46m13s,,56407.7,HYDRA A,8280,3.918,8.177,4.6094,-7.78,15.56,1,0.999,1.00823,288.432906,69.419536,18.22,0.00938,1.00942,Dicke Switc,17.1,17,50.77,,47.44,,-0.319,-0.355,-0.664,1.001,0.664,6.154,0.426,0.32,0.34,0.664,1,0.665,6.153,0.426,-0.311,-0.339,-0.661,1.001,0.662,6.18,0.424,0.307,0.348,0.659,1.001,0.66,6.199,0.423
2013d116_16h40m42s,,56408.69,HYDRA A,8280,3.918,8.177,4.6094,-8.18,15.75,1,0.999,1.00823,289.172727,58.784623,16.15,0.009007,1.00904,Dicke Switc,17.1,17,52.4,,48.8,,-0.314,bd,-0.676,1.002,0.677,6.037,0.434,0.318,bd,0.668,1.001,0.669,6.114,0.428,-0.305,-0.367,-0.665,1.003,0.667,6.133,0.427,0.307,0.351,0.646,1.002,0.648,6.314,0.415
2013d117_16h38m28s,,56409.69,HYDRA A,8280,3.918,8.177,4.6289,-7.75,15.55,1,0.999,1.00823,289.912547,53.235972,15.3,0.008854,1.00889,Dicke Switc,17.1,17,50.78,,48.27,,-0.323,-0.362,-0.676,1.001,0.677,6.042,0.434,0.327,0.347,0.665,1,0.665,6.145,0.426,-0.316,-0.35,-0.661,1.001,0.662,6.18,0.424,0.318,0.349,0.646,1.001,0.647,6.323,0.414
2013d118_16h27m46s,,56410.68,HYDRA A,8280,3.918,8.177,4.6289,-9.45,16.36,1,0.999,1.00823,290.374934,50.276692,14.86,0.008775,1.00881,Dicke Switc,17.1,17,52.92,,,,-0.334,-0.348,-0.679,1,0.679,6.017,0.435,0.33,0.331,0.663,1,0.663,6.17,0.425,bd,,,,,,,bd,,,,,,
2013d121_16h18m07s,,56413.68,HYDRA A,8280,3.918,8.177,4.6289,-8.91,16.1,1,0.999,1.00823,288.432906,57.674893,15.14,0.008825,1.00886,Dicke Switc,17.1,17,50.14,,,,bd,-0.398,-0.692,1.007,0.697,,,0.344,0.38,0.683,1.001,0.683,,,bd,,,,,,,bd,,,,,,
2013d124_16h04m52s,,56416.67,HYDRA A,8280,3.918,8.177,4.6094,-9.27,16.28,1,0.999,1.00823,286.305924,29.006865,6.67,0.007301,1.00732,Dicke Switc,17.1,17,50.61,,47.08,,-0.325,-0.354,-0.659,1.001,0.66,6.197,0.423,0.334,0.34,0.673,1,0.673,6.077,0.431,-0.322,-0.353,-0.671,1.001,0.672,6.087,0.43,0.323,0.337,0.658,1,0.658,6.216,0.421
2013d125_16h03m53s,,56417.67,HYDRA A,8280,3.918,8.177,4.6094,-8.53,15.91,1,0.999,1.00823,285.751059,35.110381,7.8,0.007504,1.00753,Dicke Switc,17.1,17,50.57,,,,-0.336,-0.357,-0.674,1,0.674,6.063,0.432,0.332,0.34,0.663,1,0.663,6.162,0.425,bd,,,,,,,bd,,,,,,
2013d126_16h05m07s,,56418.67,HYDRA A,8280,3.918,8.177,4.6094,-7.24,15.33,1,0.999,1.00823,285.473626,51.016512,11.14,0.008105,1.00813,Dicke Switc,17.1,17,49.76,,,,bd,,,,,,,bd,,,,,,,bd,,,,,,,bd,,,,,,
2013d130_15h51m48s,,56422.66,HYDRA A,8280,3.918,8.177,4.6094,-6.64,15.09,1,0.999,1.00823,292.132007,28.359522,9.32,0.007778,1.0078,Dicke Switc,17.1,17,49.18,,,,-0.298,-0.344,-0.64,1.002,0.641,,,0.304,0.335,0.642,1.001,0.643,,,bd,,,,,,,bd,,,,,,
2013d132_15h40m39s,,56424.65,HYDRA A,8280,3.918,8.177,4.6289,-7.45,15.43,1,0.999,1.00823,288.247951,55.178,14.32,0.008678,1.00871,Dicke Switc,17.1,17,50.44,,,,-0.303,-0.386,-0.675,1.005,0.678,6.026,0.435,0.306,0.363,0.676,1.003,0.677,6.037,0.434,bd,,,,,,,bd,,,,,,
2013d136_15h14m45s,,56428.63,HYDRA A,8280,3.918,8.177,4.6094,-10,16.66,1,0.999,1.00823,291.022277,40.104166,12.33,0.008319,1.00835,Dicke Switc,17.1,17,48.96,,46.09,,bd,,,,,,,bd,,,,,,,-0.278,-0.395,-0.657,1.011,0.664,6.154,0.426,0.259,0.383,0.651,1.014,0.66,6.191,0.423
2013d137_15h10m55s,,56429.63,HYDRA A,8280,3.918,8.177,4.6094,-9.99,16.65,1,0.999,1.00823,290.189979,53.235972,15.56,0.008901,1.00893,Dicke Switc,17.1,17,52.03,,46.7,,bd,,,,,,,bd,,,,,,,bd,,,,,,,bd,,,,,,
2013d138_15h12m18s,,56430.63,HYDRA A,8280,3.918,8.177,4.6289,-8.65,15.97,1,0.999,1.00823,289.450159,61.46647,17.17,0.009191,1.00923,Dicke Switc,17.1,17,50.54,,46.26,,-0.247,-0.445,-0.661,1.032,0.682,5.998,0.437,0.252,0.425,0.659,1.025,0.676,6.049,0.433,-0.266,-0.419,-0.657,1.019,0.669,6.113,0.429,0.231,0.43,0.648,1.035,0.671,6.097,0.43
2013d139_15h10m19s,,56431.63,HYDRA A,8280,3.918,8.177,4.6094,-8.16,15.74,1,0.999,1.00823,288.710339,57.674893,15.4,0.008872,1.00891,Dicke Switc,17.1,17,50.61,,46.18,,-0.255,-0.423,-0.668,1.024,0.683,5.983,0.438,0.261,0.406,0.656,1.018,0.668,6.122,0.428,-0.236,-0.419,-0.646,1.03,0.666,6.141,0.426,0.249,0.399,0.649,1.02,0.662,6.178,0.424
2013d163_14h27m59s,,56455.6,HYDRA A,8280,3.918,8.177,4.6094,4.88,14.48,1,0.999,1.00823,290.189979,31.41128,9.18,0.007752,1.00778,Dicke Switc,17.1,17,,,,,-0.249,-0.48,-0.672,1.04,0.699,,,0.245,0.431,0.663,1.029,0.682,,,-0.248,-0.453,-0.657,1.033,0.679,,,0.234,0.447,0.659,1.039,0.684,,
2013d164_13h24m54s,,56456.56,HYDRA A,8280,3.918,8.177,4.6289,-9.94,16.63,1,0.999,1.00823,294.074035,16.152491,5.96,0.007173,1.00719,Dicke Switc,17.1,17,,,,,-0.173,-0.541,-0.632,1.124,0.711,,,0.174,0.516,0.629,1.112,0.7,,,-0.165,-0.51,-0.61,1.122,0.685,,,0.167,0.518,0.623,1.123,0.7,,
2013d166_13h22m46s,,56458.55,HYDRA A,8280,3.918,8.177,4.5996,-8.51,15.9,1,0.999,1.00823,292.224484,11.991003,3.96,0.006813,1.00683,Dicke Switc,17.1,17,55.46,,49.95,,-0.167,-0.539,-0.646,1.132,0.732,5.587,0.469,0.158,0.502,0.623,1.128,0.703,5.813,0.451,-0.168,-0.514,-0.63,1.119,0.705,5.802,0.451,0.15,0.511,0.616,1.145,0.706,5.791,0.452
2013d167_13h17m44s,,56459.55,HYDRA A,8280,3.918,8.177,4.6289,-8.81,16.05,1,0.999,1.00823,289.635114,39.919211,11.28,0.00813,1.00816,Dicke Switc,17.1,17,53.93,,48.86,,-0.173,-0.537,-0.643,1.122,0.722,5.666,0.462,0.154,0.519,0.632,1.142,0.722,5.662,0.463,-0.158,-0.516,-0.623,1.134,0.706,5.792,0.452,0.152,0.533,0.625,1.152,0.72,5.679,0.461
2013d168_14h14m38s,,56460.59,HYDRA A,8280,3.918,8.177,4.6094,6.46,15.02,1,0.999,1.00823,290.559889,34.185605,10.22,0.00794,1.00797,Dicke Switc,17.1,17,54.16,,48.65,,-0.183,-0.517,-0.657,1.102,0.724,5.644,0.464,0.185,0.49,0.645,1.089,0.703,5.816,0.45,-0.179,-0.177,-0.633,1,0.633,,,0.181,0.183,0.635,1,0.635,,
2013d172_13h18m49s, 2013-06-21,56464.55,HYDRA A,8280,3.918,8.177,4.6094,-4.33,14.14,1,0.999,1.00823,292.224484,25.307765,8.36,0.007605,1.00763,Dicke Switc,17.1,17,53.96,,48.6,,-0.191,-0.531,-0.64,1.099,0.703,5.814,0.451,0.193,0.499,0.637,1.085,0.691,5.916,0.443,-0.183,-0.509,-0.629,1.099,0.691,5.921,0.442,0.184,0.501,0.627,1.095,0.687,5.955,0.44
2013d173_12h55m10s, 2013-06-22,56465.54,HYDRA A,8280,3.918,8.177,4.6191,-9.27,15.91,1,0.999,1.00823,293.981557,21.886097,8.03,0.007545,1.00757,Dicke Switc,17.1,17,55.3,,49.86,,-0.243,-0.468,-0.668,1.039,0.695,5.884,0.445,0.225,0.45,0.658,1.044,0.688,5.946,0.44,-0.235,-0.458,-0.63,1.041,0.656,6.234,0.42,0.226,0.443,0.65,1.041,0.677,6.036,0.434
2013d174_13h06m21s, 2013-06-23,56466.54,HYDRA A,8280,3.918,8.177,4.5996,-5.48,14.44,1,0.999,1.00823,290.929799,32.428533,9.91,0.007884,1.00791,Dicke Switc,17.1,17,53.92,,48.29,,-0.164,-0.522,-0.648,1.128,0.731,5.594,0.468,0.175,0.522,0.635,1.114,0.708,5.778,0.453,-0.172,-0.509,-0.644,1.113,0.716,5.706,0.459,0.165,0.505,0.64,1.12,0.717,5.705,0.459
2013d179_12h44m55s, 2013-06-28,56471.53,HYDRA A,8280,3.918,8.177,4.6094,-5.92,14.58,1,0.999,1.00823,291.669619,23.920602,7.65,0.007477,1.0075,Dicke Switc,17.1,17,54.15,,49.04,,-0.202,-0.526,-0.644,1.086,0.699,5.848,0.448,0.195,0.512,0.645,1.087,0.701,5.833,0.449,-0.2,-0.508,-0.63,1.081,0.682,5.999,0.437,0.193,0.507,0.625,1.088,0.68,6.014,0.436
2013d180_12h31m06s, 2013-06-29,56472.52,HYDRA A,8280,3.918,8.177,4.6094,-8.41,15.52,1,0.999,1.00823,292.224484,45.930249,15.18,0.008832,1.00887,Dicke Switc,17.1,17,55.19,,49.44,,-0.172,-0.524,-0.651,1.119,0.728,5.613,0.467,0.175,0.498,0.639,1.103,0.705,5.8,0.452,-0.164,-0.5,-0.627,1.118,0.701,5.828,0.449,0.178,0.487,0.612,1.096,0.671,6.095,0.43
2013d181_12h21m33s, 2013-06-30,56473.51,HYDRA A,8280,3.918,8.177,4.6289,-9.81,16.17,1,0.999,1.00823,294.721377,34.832948,13.36,0.008505,1.00854,Dicke Switc,17.1,17,55.16,,49.2,,-0.219,-0.516,-0.659,1.068,0.704,5.804,0.451,0.216,0.487,0.633,1.062,0.672,6.085,0.43,-0.205,-0.48,-0.634,1.068,0.678,6.034,0.434,0.206,0.496,0.623,1.072,0.668,6.118,0.428
2013d182_12h18m56s, 2013-07-01,56474.51,HYDRA A,8280,3.918,8.177,4.6094,-9.48,16.01,1,0.999,1.00823,294.443945,23.180782,8.74,0.007673,1.0077,Dicke Switc,17.1,17,,,,,-0.188,-0.532,-0.662,1.102,0.73,,,0.175,0.491,0.639,1.101,0.703,,,-0.176,-0.499,-0.638,1.102,0.704,,,0.177,0.499,0.624,1.102,0.687,,
2013d184_12h08m35s, 2013-07-03,56476.5,HYDRA A,8280,3.918,8.177,4.6094,-10.1,16.33,1,0.999,1.00823,294.25899,22.903349,8.55,0.007639,1.00766,Dicke Switc,17.1,17,54.65,,48.9,,-0.189,-0.511,-0.672,1.094,0.735,5.561,0.471,0.208,0.497,0.635,1.071,0.68,6.01,0.436,-0.176,-0.479,-0.64,1.094,0.7,5.842,0.448,0.201,0.492,0.627,1.075,0.673,6.071,0.431
2013d185_12h17m04s, 2013-07-04,56477.51,HYDRA A,8280,3.918,8.177,4.6094,-6.99,14.94,1,0.999,1.00823,293.056782,28.267045,9.82,0.007868,1.00789,Dicke Switc,17.1,17,54.43,,48.92,,-0.192,-0.546,-0.672,1.103,0.741,5.518,0.475,0.168,0.502,0.633,1.114,0.705,5.797,0.452,-0.194,-0.528,-0.637,1.095,0.697,5.862,0.447,0.177,0.508,0.625,1.106,0.691,5.919,0.443
2013d186_12h16m46s, 2013-07-05,56478.51,HYDRA A,8280,3.918,8.177,4.6191,-6.08,14.63,1,0.999,1.00823,287.785564,58.13728,14.66,0.008739,1.00877,Dicke Switc,17.1,17,54.81,,49.37,,bd,,,,,,,bd,,,,,,,bd,,,,,,,bd,,,,,,
2013d187_12h07m36s, 2013-07-06,56479.5,HYDRA A,8280,3.918,8.177,4.6191,-7.4,15.1,1,0.999,1.00823,287.785564,66.275301,16.71,0.009108,1.00914,Dicke Switc,17.1,17,54.72,,48.84,,-0.155,-0.563,-0.65,1.162,0.755,5.415,0.484,0.143,0.529,0.609,1.167,0.711,5.752,0.455,-0.145,-0.538,-0.633,1.167,0.738,,,0.147,0.517,0.593,1.152,0.683,5.986,0.438
2013d188_12h06m46s, 2013-07-07,56480.5,HYDRA A,8280,3.918,8.177,4.6094,-6.62,14.81,1,0.999,1.00823,292.594394,44.728041,15.12,0.008822,1.00885,Dicke Switc,17.1,17,54.93,,49.16,,-0.2,-0.533,-0.675,1.091,0.737,5.549,0.472,0.217,0.49,0.648,1.062,0.688,5.942,0.441,-0.201,-0.488,-0.638,1.073,0.685,5.969,0.439,0.207,0.485,0.633,1.067,0.675,6.053,0.433
2013d192_12h01m42s, 2013-07-11,56484.5,HYDRA A,8280,3.918,8.177,4.6289,-3.95,14.06,1,0.999,1.00823,287.693086,44.173176,11.08,0.008094,1.00812,Dicke Switc,17.1,17,55.59,,49.95,,-0.181,-0.58,-0.68,1.13,0.768,5.324,0.492,0.16,0.536,0.628,1.141,0.716,5.707,0.459,-0.172,-0.548,-0.632,1.129,0.714,5.728,0.457,0.156,0.54,0.629,1.148,0.722,5.659,0.463
2013d194_11h33m27s, 2013-07-13,56486.48,HYDRA A,8280,3.918,8.177,4.6289,-9.06,15.81,1,0.999,1.00823,290.837322,32.243578,9.8,0.007864,1.00789,Dicke Switc,17.1,17,,,,,bd,,,,,,,bd,,,,,,,bd,,,,,,,bd,,,,,,
2013d195_11h46m59s, 2013-07-14,56487.49,HYDRA A,8280,3.918,8.177,4.6094,-4.68,14.23,1,0.999,1.00823,291.762097,23.643169,7.6,0.007468,1.00749,Dicke Switc,17.1,17,,,,,-0.214,-0.523,-0.678,1.074,0.728,,,0.217,0.479,0.659,1.058,0.697,,,-0.206,-0.492,-0.643,1.07,0.689,,,0.205,0.486,0.647,1.069,0.692,,
2013d197_12h06m09s, 2013-07-16,56489.5,HYDRA A,8280,3.918,8.177,4.6094,2.09,13.99,1,0.999,1.00823,293.426692,27.989612,9.94,0.007889,1.00792,Dicke Switc,17.1,17,54.35,,48.92,,-0.242,-0.497,-0.699,1.047,0.732,5.582,0.469,0.248,0.454,0.668,1.034,0.691,5.919,0.443,-0.231,-0.465,-0.658,1.045,0.687,5.949,0.44,0.229,0.457,0.657,1.044,0.686,5.96,0.439
2013d199_11h16m48s, 2013-07-18,56491.47,HYDRA A,8280,3.918,8.177,4.6289,-8.3,15.47,1,0.999,1.00823,288.340429,47.039979,12.28,0.00831,1.00834,Dicke Switc,17.1,17,,,,,bd,,,,,,,bd,,,,,,,bd,,,,,,,bd,,,,,,
2013d200_11h40m06s, 2013-07-19,56492.48,HYDRA A,8280,3.918,8.177,4.6289,-1.48,13.75,1,0.999,1.00823,289.542637,41.953716,11.79,0.008222,1.00825,Dicke Switc,17.1,17,54.47,,48.7,,-0.178,-0.568,-0.659,1.129,0.744,5.493,0.477,0.17,0.51,0.642,1.115,0.715,5.717,0.458,-0.17,-0.527,-0.614,1.123,0.69,5.928,0.442,0.167,0.51,0.629,1.119,0.704,5.81,0.451
2013d201_11h09m13s, 2013-07-20,56493.46,HYDRA A,8280,3.918,8.177,4.6289,-8.24,15.44,1,0.999,1.00823,291.207232,18.556907,5.77,0.007139,1.00716,Dicke Switc,17.1,17,54.22,,48.76,,-0.229,-0.501,-0.683,1.057,0.722,5.664,0.462,0.229,0.47,0.642,1.047,0.672,6.084,0.431,-0.223,-0.474,-0.645,1.053,0.678,6.026,0.435,0.219,0.474,0.641,1.055,0.676,6.044,0.433
2013d202_10h56m41s, 2013-07-21,56494.45,HYDRA A,8280,3.918,8.177,4.6289,-10.3,16.47,1,0.999,1.00823,290.467412,21.793619,6.48,0.007266,1.00729,Dicke Switc,17.1,17,54.33,,48.77,,-0.2,-0.546,-0.664,1.095,0.727,5.621,0.466,0.198,0.509,0.649,1.083,0.703,5.812,0.451,-0.188,-0.508,-0.626,1.093,0.684,5.98,0.438,0.195,0.501,0.638,1.084,0.692,5.911,0.443
2013d203_11h10m47s, 2013-07-22,56495.46,HYDRA A,8280,3.918,8.177,4.6289,-5.87,14.56,1,0.999,1.00823,287.970519,45.467862,11.6,0.008188,1.00822,Dicke Switc,17.1,17,54.31,,48.46,,-0.199,-0.529,-0.658,1.09,0.717,5.703,0.459,0.201,0.498,0.619,1.077,0.667,6.13,0.427,-0.204,-0.51,-0.657,1.079,0.709,5.77,0.454,0.194,0.505,0.619,1.086,0.672,6.085,0.43
2013d207_10h38m44s, 2013-07-26,56499.44,HYDRA A,8280,3.918,8.177,4.6094,-9.96,16.25,1,0.999,1.00823,293.056782,24.475467,8.5,0.00763,1.00765,Dicke Switc,17.1,17,54.49,,48.49,,-0.285,-0.457,-0.692,1.02,0.706,5.787,0.453,0.258,0.425,0.658,1.023,0.673,6.073,0.431,-0.263,-0.432,-0.658,1.022,0.673,6.077,0.431,0.259,0.422,0.643,1.022,0.657,6.227,0.421
2013d208_10h33m35s, 2013-07-27,56500.44,HYDRA A,8280,3.918,8.177,4.6094,-10.2,16.41,1,0.999,1.00823,294.166512,20.591412,7.64,0.007475,1.0075,Dicke Switc,17.1,17,,,,,bd,,,,,,,bd,,,,,,,bd,,,,,,,bd,,,,,,
2013d209_10h32m50s, 2013-07-28,56501.44,HYDRA A,8280,3.918,8.177,4.6094,-9.47,16.01,1,0.999,1.00823,295.091287,16.060014,6.29,0.007232,1.00725,Dicke Switc,17.1,17,54.59,,49.13,,-0.239,-0.481,-0.672,1.045,0.702,5.823,0.45,0.245,0.445,0.65,1.033,0.672,6.085,0.43,-0.236,-0.46,-0.65,1.041,0.676,6.046,0.433,0.234,0.454,0.639,1.04,0.665,6.149,0.426
2013d210_10h29m28s, 2013-07-29,56502.43,HYDRA A,8280,3.918,8.177,4.6191,-9.33,15.94,1,0.999,1.00823,289.727592,11.898526,3.38,0.006708,1.00673,Dicke Switc,17.1,17,54.34,,48.58,,-0.216,-0.519,-0.677,1.072,0.725,5.638,0.465,0.208,0.454,0.641,1.057,0.678,6.034,0.434,-0.206,-0.48,-0.64,1.066,0.683,5.99,0.437,0.195,0.464,0.633,1.07,0.677,6.039,0.434
2013d211_10h30m15s, 2013-07-30,56503.43,HYDRA A,8280,3.918,8.177,4.6191,-8.15,15.4,1,0.999,1.00823,287.600609,56.010297,13.96,0.008613,1.00864,Dicke Switc,17.1,17,54.63,,48.88,,-0.184,-0.534,-0.661,1.108,0.732,5.582,0.469,0.188,0.506,0.628,1.092,0.685,5.965,0.439,-0.172,-0.506,-0.622,1.111,0.691,5.92,0.442,0.18,0.499,0.625,1.099,0.687,5.95,0.44
2013d213_10h18m40s, 2013-08-01,56505.43,HYDRA A,8280,3.918,8.177,4.6289,-9.07,15.82,1,0.999,1.00823,289.172727,40.381599,11.09,0.008096,1.00812,Dicke Switc,17.1,17,54.9,,49.13,,-0.222,-0.48,-0.684,1.055,0.721,5.668,0.462,0.208,0.474,0.637,1.063,0.677,6.041,0.434,-0.217,-0.473,-0.64,1.056,0.676,6.051,0.433,0.203,0.466,0.631,1.065,0.672,6.083,0.431
2013d214_10h19m45s, 2013-08-02,56506.43,HYDRA A,8280,3.918,8.177,4.6191,-7.82,15.27,1,0.999,1.00823,288.802817,46.392637,12.46,0.008343,1.00837,Dicke Switc,17.1,17,54.82,,49.08,,-0.178,-0.518,-0.667,1.108,0.739,5.53,0.474,0.191,0.477,0.64,1.078,0.69,5.925,0.442,-0.165,-0.494,-0.637,1.115,0.711,5.754,0.455,0.186,0.481,0.627,1.084,0.68,6.015,0.435
2013d215_10h12m59s, 2013-08-03,56507.42,HYDRA A,8280,3.918,8.177,4.6289,-8.53,15.57,1,0.999,1.00823,288.710339,44.450609,11.87,0.008237,1.00827,Dicke Switc,17.1,17,54.9,,49.23,,-0.207,-0.499,-0.686,1.073,0.736,5.558,0.471,0.214,0.472,0.647,1.058,0.685,5.971,0.439,-0.199,-0.472,-0.642,1.069,0.687,5.951,0.44,0.206,0.479,0.638,1.066,0.68,6.01,0.436
2013d216_10h08m13s, 2013-08-04,56508.42,HYDRA A,8280,3.918,8.177,4.6289,-8.74,15.67,1,0.999,1.00823,288.340429,44.820519,11.7,0.008206,1.00823,Dicke Switc,17.1,17,54.66,,49,,-0.201,-0.522,-0.664,1.086,0.721,5.673,0.462,0.208,0.486,0.631,1.067,0.673,6.073,0.431,-0.191,-0.496,-0.633,1.086,0.688,5.947,0.44,0.199,0.484,0.622,1.074,0.667,6.125,0.428
2013d219_09h48m32s, 2013-08-07,56511.41,HYDRA A,8280,3.918,8.177,4.6289,-10.7,16.64,1,0.999,1.00823,290.189979,37.699751,11.02,0.008084,1.00811,Dicke Switc,17.1,17,54.98,,49.4,,-0.19,-0.53,-0.668,1.099,0.734,5.568,0.47,0.212,0.519,0.655,1.075,0.704,5.809,0.451,-0.182,-0.499,-0.648,1.096,0.71,5.755,0.455,0.198,0.516,0.641,1.087,0.696,5.87,0.446
2013d220_10h03m43s, 2013-08-08,56512.42,HYDRA A,8280,3.918,8.177,4.6289,-5.93,14.58,1,0.999,1.00823,292.964304,30.948893,10.69,0.008024,1.00805,Dicke Switc,17.1,17,54.36,,48.77,,-0.244,-0.508,-0.655,1.05,0.688,5.947,0.44,0.232,0.471,0.644,1.046,0.674,6.065,0.432,-0.231,-0.473,-0.65,1.047,0.681,6.006,0.436,0.228,0.482,0.64,1.052,0.673,6.072,0.431
2013d222_10h00m38s, 2013-08-10,56514.41,HYDRA A,8280,3.918,8.177,4.6289,-4.73,14.24,1,0.999,1.00823,288.432906,53.975792,14.17,0.008651,1.00868,Dicke Switc,17.1,17,54.63,,49.18,,-0.226,-0.529,-0.682,1.067,0.728,5.614,0.467,0.227,0.493,0.656,1.056,0.693,5.902,0.444,-0.207,-0.499,-0.647,1.073,0.694,5.888,0.445,0.213,0.492,0.651,1.066,0.694,5.89,0.445
2013d223_09h43m08s, 2013-08-11,56515.4,HYDRA A,8280,3.918,8.177,4.6289,-8.13,15.4,1,0.999,1.00823,288.155474,57.39746,14.81,0.008766,1.0088,Dicke Switc,17.1,17,54.55,,49.05,,-0.205,-0.542,-0.662,1.089,0.721,5.672,0.462,0.205,0.489,0.65,1.07,0.696,5.873,0.446,-0.193,-0.52,-0.631,1.093,0.69,5.928,0.442,0.195,0.488,0.638,1.079,0.688,5.939,0.441
2013d231_09h06m40s, 2013-08-19,56523.38,HYDRA A,8280,3.918,8.177,4.6191,-9.39,15.97,1,0.999,1.00823,288.155474,14.580374,3.76,0.006777,1.0068,Dicke Switc,17.1,17,54.38,,48.75,,bd,,,,,,,bd,,,,,,,bd,,,,,,,bd,,,,,,
2013d236_08h46m24s, 2013-08-24,56528.36,HYDRA A,8280,3.918,8.177,4.6191,-9.54,16.04,1,0.999,1.00823,287.508131,75.430574,18.7,0.009466,1.0095,Dicke Switc,17.1,17,55.33,,49.41,,-0.177,-0.575,-0.672,1.134,0.762,5.368,0.488,0.155,0.496,0.61,1.13,0.689,5.932,0.442,-0.181,-0.541,-0.641,1.114,0.714,5.724,0.458,0.144,0.494,0.608,1.147,0.698,5.858,0.447
2013d237_08h46m57s, 2013-08-25,56529.36,HYDRA A,8280,3.918,8.177,4.6094,-8.42,15.52,1,0.999,1.00823,292.871827,45.282906,15.56,0.008901,1.00893,Dicke Switc,17.1,17,56.14,,50.14,,bd,,,,,,,bd,,,,,,,bd,,,,,,,bd,,,,,,
2013d238_09h38m54s, 2013-08-26,56530.4,HYDRA A,8280,3.918,8.177,4.6094,5.59,14.97,1,0.999,1.00823,290.744844,62.298768,18.83,0.009489,1.00953,Dicke Switc,17.1,17,55.98,,49.91,,-0.16,-0.507,-0.643,1.128,0.725,5.636,0.465,0.207,0.518,0.655,1.079,0.707,5.784,0.453,-0.17,-0.49,-0.629,1.107,0.696,5.875,0.446,0.197,0.516,0.643,1.087,0.699,5.853,0.448
2013d240_08h38m24s, 2013-08-28,56532.36,HYDRA A,8280,3.918,8.177,4.6094,-7.6,15.18,1,0.999,1.00823,293.241737,33.075875,11.62,0.008192,1.00822,Dicke Switc,17.1,17,54.91,,49.55,,bd,,,,,,,bd,,,,,,,bd,,,,,,,bd,,,,,,
2013d241_08h29m28s, 2013-08-29,56533.35,HYDRA A,8280,3.918,8.177,4.6094,-8.85,15.72,1,0.999,1.00823,292.871827,24.198035,8.31,0.007596,1.00762,Dicke Switc,17.1,17,55.01,,49.37,,-0.232,-0.505,-0.676,1.056,0.714,5.724,0.458,0.236,0.458,0.66,1.04,0.686,5.956,0.44,-0.223,-0.468,-0.655,1.051,0.689,5.936,0.441,0.223,0.473,0.651,1.052,0.685,5.971,0.439
2013d242_08h24m26s, 2013-08-30,56534.35,HYDRA A,8280,3.918,8.177,4.6094,-9.13,15.85,1,0.999,1.00823,293.889079,27.064837,9.88,0.007878,1.0079,Dicke Switc,17.1,17,55.11,,50.5,,bd,-0.494,-0.694,1.046,0.726,5.632,0.465,bd,0.471,0.645,1.053,0.68,6.015,0.435,-0.234,-0.642,-0.641,1.096,0.703,5.82,0.45,0.216,0.349,0.643,1.021,0.657,6.224,0.421
2013d243_08h23m40s, 2013-08-31,56535.35,HYDRA A,8280,3.918,8.177,4.6094,-8.34,15.49,1,0.999,1.00823,280.942228,27.157315,4.44,0.006899,1.00692,Dicke Switc,17.1,17,54.69,,49.03,,bd,,,,,,,bd,,,,,,,bd,,,,,,,bd,,,,,,
2013d244_08h22m56s, 2013-09-01,56536.35,HYDRA A,8280,3.918,8.177,4.6094,-7.54,15.15,1,0.999,1.00823,284.826284,20.221502,4.24,0.006863,1.00688,Dicke Switc,17.1,17,55.14,,49.39,,bd,-0.462,-0.683,1.033,0.706,5.791,0.452,bd,0.416,0.649,1.023,0.663,6.164,0.425,bd,-0.448,-0.658,1.035,0.681,6.001,0.437,bd,0.423,0.646,1.027,0.663,6.164,0.425
2013d245_08h19m05s, 2013-09-02,56537.34,HYDRA A,8280,3.918,8.177,4.6094,-7.52,15.14,1,0.999,1.00823,288.617862,15.875059,4.21,0.006858,1.00688,Dicke Switc,17.1,17,55.14,,49.39,,-0.283,-0.452,-0.709,1.02,0.724,5.651,0.464,0.25,0.387,0.662,1.017,0.674,6.066,0.432,-0.264,bd,-0.669,1.02,0.683,5.987,0.437,0.254,0.41,0.65,1.021,0.664,6.159,0.425
2013d248_08h46m37s, 2013-09-05,56540.36,HYDRA A,8280,3.918,8.177,4.6094,2.33,14.04,1,0.999,1.00823,292.686872,39.734256,13.5,0.00853,1.00856,Dicke Switc,17.1,17,,,,,bd,,,,,,,bd,,,,,,,bd,,,,,,,bd,,,,,,
2013d250_07h56m06s, 2013-09-07,56542.33,HYDRA A,8280,3.918,8.177,4.6094,-8.35,15.49,1,0.999,1.00823,292.594394,33.63074,11.37,0.008147,1.00817,Dicke Switc,17.1,17,55.12,,50.46,,-0.241,-0.472,-0.676,1.042,0.704,5.805,0.451,0.253,0.431,0.661,1.026,0.678,6.032,0.434,-0.235,-0.451,-0.656,1.039,0.682,5.996,0.437,0.231,0.426,0.637,1.034,0.659,6.209,0.422
2013d251_07h52m07s, 2013-09-08,56543.32,HYDRA A,8280,3.918,8.177,4.6094,-8.36,15.5,1,0.999,1.00823,293.426692,23.550692,8.36,0.007605,1.00763,Dicke Switc,17.1,17,55.61,,,,-0.212,-0.465,-0.658,1.057,0.696,5.875,0.446,0.223,0.465,0.645,1.05,0.677,6.043,0.433,bd,,,,,,,bd,,,,,,
